Restaurant ID,Restaurant Name,Country Code,City,Address,Locality,Locality Verbose,Longitude,Latitude,Cuisines,Average Cost for two,Currency,Has Table booking,Has Online delivery,Is delivering now,Switch to order menu,Price range,Aggregate rating,Rating color,Rating text,Votes
3400025,Jahanpanah,1,Agra,"E 23, Shopping Arcade, Sadar Bazaar, Agra Cantt, Agra",Agra Cantt,"Agra Cantt, Agra",78.01154444,27.16166111,"North Indian, Mughlai",850,Indian Rupees(Rs.),No,No,No,No,3,3.9,Yellow,Good,140
3400341,Rangrezz Restaurant,1,Agra,"E-20, Shopping Arcade, Sadar Bazaar, Agra Cantt, Agra",Agra Cantt,"Agra Cantt, Agra",0,0,"North Indian, Mughlai",700,Indian Rupees(Rs.),No,No,No,No,2,3.5,Yellow,Good,71
3400005,Time2Eat - Mama Chicken,1,Agra,"Main Market, Sadar Bazaar, Agra Cantt, Agra",Agra Cantt,"Agra Cantt, Agra",78.01160797,27.16083249,North Indian,500,Indian Rupees(Rs.),No,No,No,No,2,3.6,Yellow,Good,94
3400021,Chokho Jeeman Marwari Jain Bhojanalya,1,Agra,"1/48, Delhi Gate, Station Road, Raja Mandi, Civil Lines, Agra",Civil Lines,"Civil Lines, Agra",77.99809167,27.19592778,Rajasthani,400,Indian Rupees(Rs.),No,No,No,No,2,4,Green,Very Good,87
3400017,Pinch Of Spice,1,Agra,"23/453, Opposite Sanjay Cinema, Wazipura Road, Sanjay Place, Civil Lines, Agra",Civil Lines,"Civil Lines, Agra",78.00755278,27.201725,"North Indian, Chinese, Mughlai",1000,Indian Rupees(Rs.),No,No,No,No,3,4.2,Green,Very Good,177
3400325,MoMo Cafe,1,Agra,"Courtyard by Marriott Agra, Phase 2, Fatehabad Road, Tajganj, Agra","Courtyard by Marriott Agra, Tajganj","Courtyard by Marriott Agra, Tajganj, Agra",0,0,"North Indian, European",2000,Indian Rupees(Rs.),No,No,No,No,4,4,Green,Very Good,45
3400059,Peshawri - ITC Mughal,1,Agra,"ITC Mughal, Fatehabad Road, Tajganj, Agra","ITC Mughal, Tajganj","ITC Mughal, Tajganj, Agra",78.044095,27.160934,"North Indian, Mughlai",2500,Indian Rupees(Rs.),No,No,No,No,4,4.3,Green,Very Good,133
3400060,Taj Bano - ITC Mughal,1,Agra,"ITC Mughal, Fatehabad Road, Tajganj, Agra","ITC Mughal, Tajganj","ITC Mughal, Tajganj, Agra",78.044095,27.160934,Mughlai,2500,Indian Rupees(Rs.),No,No,No,No,4,4,Green,Very Good,41
3400348,G Thal,1,Agra,"3/20, KPS Tower, Near Tulsi Talkies, Bypass Road, Khandari, Agra",Khandari,"Khandari, Agra",0,0,"Rajasthani, Gujarati, Mughlai",800,Indian Rupees(Rs.),No,No,No,No,3,3.6,Yellow,Good,59
3400072,Dawat-e-Nawab - Radisson Blu,1,Agra,"Radisson Blu, Taj East Gate Road, Tajganj, Agra","Radisson Blu, Tajganj","Radisson Blu, Tajganj, Agra",78.057044,27.163303,"North Indian, Mughlai",3600,Indian Rupees(Rs.),No,No,No,No,4,3.8,Yellow,Good,46
3400073,The Latitude - Radisson Blu,1,Agra,"Radisson Blu, Taj East Gate Road, Tajganj, Agra","Radisson Blu, Tajganj","Radisson Blu, Tajganj, Agra",78.057044,27.163303,"North Indian, Chinese, Continental",0,Indian Rupees(Rs.),No,No,No,No,1,3.9,Yellow,Good,103
3400019,Dasaprakash Restaurant,1,Agra,"Meher Cinema Complex, Gwalior Road, Rakabganj, Agra",Rakabganj,"Rakabganj, Agra",78.01505278,27.16510833,"South Indian, Desserts",550,Indian Rupees(Rs.),No,No,No,No,2,4.1,Green,Very Good,121
3400033,The Charcoal Chimney,1,Agra,"Hotel Samovar, Fatehabad Road, Tajganj, Agra",Tajganj,"Tajganj, Agra",78.04299,27.159795,"North Indian, Chinese, Continental, Mughlai",1100,Indian Rupees(Rs.),No,No,No,No,3,3.4,Orange,Average,70
3400346,Sheroes Hangout,1,Agra,"Opposite The Gateway Hotel, Fatehabad Road, Tajganj, Agra",Tajganj,"Tajganj, Agra",78.040165,27.16185,"Cafe, North Indian, Chinese",0,Indian Rupees(Rs.),No,No,No,No,1,4.9,Dark Green,Excellent,77
3400350,Bon Barbecue,1,Agra,"Parador Hotel, 3A-3B, Phase 1, Fatehabad Road, Taj Nagri, Tajganj, Agra",Tajganj,"Tajganj, Agra",0,0,"North Indian, Chinese, Continental",1500,Indian Rupees(Rs.),No,No,No,No,4,3.8,Yellow,Good,57
3400391,Chapter 1 Cafe,1,Agra,"1374 K/1375 K, 2nd floor, Dinesh Nagar, Fatehbad Road, Tajganj, Agra",Tajganj,"Tajganj, Agra",0,0,"Cafe, Italian, Mexican, North Indian, Continental",0,Indian Rupees(Rs.),No,No,No,No,1,3.9,Yellow,Good,98
3400016,Pind Balluchi,1,Agra,"Opposite Saga Emporium, Fatehabad Road, Tajganj, Agra",Tajganj,"Tajganj, Agra",78.04725,27.15777222,"North Indian, Mughlai",900,Indian Rupees(Rs.),No,No,No,No,3,3.7,Yellow,Good,175
3400105,Pizza Hut,1,Agra,"8, Handicraft Nagar, Fatehabad Road, Tajganj, Agra",Tajganj,"Tajganj, Agra",78.03471389,27.16169444,"Italian, Pizza",700,Indian Rupees(Rs.),No,No,No,No,2,4.4,Green,Very Good,134
3400326,Tea'se Me - Rooftop Tea Boutique,1,Agra,"Near Purani Mandi Crossing,Fatehabad Road, Tajganj, Agra",Tajganj,"Tajganj, Agra",0,0,"Chinese, Italian, Continental, North Indian",1000,Indian Rupees(Rs.),No,No,No,No,3,4.2,Green,Very Good,166
3400392,Thaaliwala,1,Agra,"Next To ITC Mughal Hotel, Fatehabad Road, Tajganj, Agra",Tajganj,"Tajganj, Agra",78.045359,27.158822,"North Indian, Fast Food",700,Indian Rupees(Rs.),No,No,No,No,2,4.1,Green,Very Good,168
111895,650 - The Global Kitchen,1,Ahmedabad,"Shreekunj Mandapam, Beside Golden Tulip Bunglows & Tulip Citadel, Manekbaug, Ambavadi, Ahmedabad",Ambavadi,"Ambavadi, Ahmedabad",72.5375741,23.01045111,"Chinese, Italian, North Indian, Mexican, Mediterranean, Thai",900,Indian Rupees(Rs.),No,No,No,No,3,4.2,Green,Very Good,1582
110502,Patang - The Revolving Restaurant,1,Ahmedabad,"Chinubhai Tower, Nehru Bridge Corner, Ashram Road, Ahmedabad",Ashram Road,"Ashram Road, Ahmedabad",72.572009,23.0261651,"Continental, Chinese, North Indian",1800,Indian Rupees(Rs.),No,No,No,No,4,3.7,Yellow,Good,1315
18396250,Huber & Holly,1,Ahmedabad,"7 B, Circle  B, Opposite Rajpath Club, Sarkhej, Gandhinagar Highway, Bodakdev, Ahmedabad",Bodakdev,"Bodakdev, Ahmedabad",72.5123947,23.0383109,"Ice Cream, Desserts, Continental",300,Indian Rupees(Rs.),No,Yes,No,No,1,4.5,Dark Green,Excellent,217
113702,@Mango,1,Ahmedabad,"Opposite Sindhu Bhawan, Bodakdev, Ahmedabad",Bodakdev,"Bodakdev, Ahmedabad",72.5017644,23.0401633,"North Indian, Continental, Mexican, Italian",800,Indian Rupees(Rs.),No,No,No,No,3,4.1,Green,Very Good,769
113433,Fozzie's Pizzaiolo,1,Ahmedabad,"Ground Floor, Maruti Crystal, Opposite Rajpath Club, Service Road, Bodakdev, Ahmedabad",Bodakdev,"Bodakdev, Ahmedabad",72.5098065,23.0330688,"Pizza, Italian, Beverages, Desserts",900,Indian Rupees(Rs.),No,Yes,No,No,3,4.3,Green,Very Good,731
18438909,La Pino'z Pizza,1,Ahmedabad,"Shop 10,  Circle B, Nyay Marg, Bodakdev, Ahmedabad",Bodakdev,"Bodakdev, Ahmedabad",72.5124872,23.0382314,"Pizza, Italian",500,Indian Rupees(Rs.),No,Yes,No,No,2,4.4,Green,Very Good,113
18143128,Mocha,1,Ahmedabad,"6-9, Ground Floor, Devashish Business Park, Opposite Krishna Complex, Bodakdev, Ahmedabad",Bodakdev,"Bodakdev, Ahmedabad",72.511307,23.0318508,"Cafe, Continental, Desserts",1000,Indian Rupees(Rs.),No,Yes,No,No,3,4.4,Green,Very Good,944
18438944,Blue -  Rooftop Cafe Restaurant Bistro,1,Ahmedabad,"10th Floor, Balaji Heights Buliding, Behind Tanishq Showroom, C G Road, Ahmedabad",C G Road,"C G Road, Ahmedabad",72.5570374,23.0290619,"North Indian, Cafe, Italian, Mexican, Continental",1000,Indian Rupees(Rs.),No,Yes,No,No,3,3.8,Yellow,Good,63
110436,MoMo Cafí© - Courtyard By Marriott,1,Ahmedabad,"Courtyard By Marriott, Ramdevnagar Cross Road, Satellite, Ahmedabad","Courtyard By Marriott, Satellite","Courtyard By Marriott, Satellite, Ahmedabad",72.5115815,23.027929,"North Indian, South Indian, Asian, Continental",1400,Indian Rupees(Rs.),No,No,No,No,3,3.6,Yellow,Good,375
18385201,Cryo Lab,1,Ahmedabad,"Ground Floor, Arjun Avenue, Opposite Samartheshwar Mahadev, Law Garden, Ahmedabad",Ellis Bridge,"Ellis Bridge, Ahmedabad",72.55998429,23.02874796,"Desserts, Ice Cream",350,Indian Rupees(Rs.),No,No,No,No,2,4.6,Dark Green,Excellent,166
110395,Swati Snacks,1,Ahmedabad,"Near Law Garden, Ellis Bridge, Ahmedabad",Ellis Bridge,"Ellis Bridge, Ahmedabad",72.55903311,23.02443364,"Fast Food, Street Food, South Indian",450,Indian Rupees(Rs.),No,No,No,No,2,4.4,Green,Very Good,697
18335583,Brick Kitchen,1,Ahmedabad,"At Five Petals Hotel & Banquets, Near Chanakyapuri Bridge, Ghatlodia, Ahmedabad",Ghatlodia,"Ghatlodia, Ahmedabad",72.5316389,23.0643038,"North Indian, Chinese, Continental",900,Indian Rupees(Rs.),No,No,No,No,3,4.3,Green,Very Good,325
110237,Kabir Restaurant,1,Ahmedabad,"JB Tower, Opposite Doordarshan Kendra, Drive In Road, Gurukul, Ahmedabad",Gurukul,"Gurukul, Ahmedabad",72.5239649,23.04850469,"North Indian, Chinese, Continental, Desserts, Fast Food, Sandwich",600,Indian Rupees(Rs.),No,Yes,No,No,2,3.8,Yellow,Good,432
113537,Puffizza,1,Ahmedabad,"103, Kairos, Opposite Mahatma Gandhi Labour Institute, Drive In Road, Gurukul, Ahmedabad",Gurukul,"Gurukul, Ahmedabad",72.53774978,23.04619268,"Italian, Fast Food",700,Indian Rupees(Rs.),No,Yes,No,No,2,4.3,Green,Very Good,744
113703,Cafe Alfresco,1,Ahmedabad,"101, Dynamic House, Vijay Cross Road, Above HDFC Bank, Opposite Child Care Hospital, Navrangpura, Ahmedabad",Navrangpura,"Navrangpura, Ahmedabad",72.5498285,23.0437235,"Cafe, Beverages, Desserts, Pizza",700,Indian Rupees(Rs.),No,Yes,No,No,2,4,Green,Very Good,404
18385186,The Cafe Baraco,1,Ahmedabad,"34, Shribhuvan Complex, Near Memnagar Fire Station, Navrangpura, Ahmedabad",Navrangpura,"Navrangpura, Ahmedabad",72.5504755,23.0443367,"Cafe, Italian",600,Indian Rupees(Rs.),No,Yes,No,No,2,4.4,Green,Very Good,317
113325,Nini's Kitchen,1,Ahmedabad,"12, First Floor, Camps Corner 2, Opposite Prahlad Nagar Garden, Prahlad Nagar, Ahmedabad",Prahlad Nagar,"Prahlad Nagar, Ahmedabad",72.5072645,23.0117723,"North Indian, Continental, Beverages, Italian, Burger, Healthy Food, Mediterranean",950,Indian Rupees(Rs.),No,Yes,No,No,3,4.5,Dark Green,Excellent,1138
111826,Yanki Sizzlers,1,Ahmedabad,"4, Ground Floor, Binori Ambit, Next to Renault Showroom, Thaltej Circle, Thaltej, Ahmedabad",Thaltej,"Thaltej, Ahmedabad",72.5181257,23.0534466,"Continental, Italian, Chinese",1200,Indian Rupees(Rs.),No,No,No,No,3,4.1,Green,Very Good,1041
110516,The Garden Cafe - The Fern,1,Ahmedabad,"The Fern, Near Sola Overbridge, S G Highway, Sola, Ahmedabad","The Fern, Sola","The Fern, Sola, Ahmedabad",72.5222172,23.0640914,"North Indian, Italian, Asian, South Indian",1200,Indian Rupees(Rs.),No,No,No,No,3,4.1,Green,Very Good,192
18371341,Mazzo,1,Ahmedabad,"27, Sunshine Villa, Sunrise Park Society, Vastrapur, Ahmedabad",Vastrapur,"Vastrapur, Ahmedabad",72.5281083,23.0418026,"Cafe, American, Continental, Armenian, Fast Food",550,Indian Rupees(Rs.),No,Yes,No,No,2,3.9,Yellow,Good,166
113570,Turquoise Villa,1,Ahmedabad,"Ground Floor, Shanay - 1, Near AMA, IIM Road, Vastrapur, Ahmedabad",Vastrapur,"Vastrapur, Ahmedabad",72.5434513,23.0285142,Continental,1200,Indian Rupees(Rs.),No,No,No,No,3,4,Green,Very Good,535
2400020,Aryan Family's Delight,1,Allahabad,"Ground Floor, Vinayak City Centre, Sardar Patel Marg, Civil Lines, Allahabad",Civil Lines,"Civil Lines, Allahabad",81.834502,25.454648,"North Indian, South Indian, Fast Food",500,Indian Rupees(Rs.),No,No,No,No,3,3.4,Orange,Average,57
2400148,Bean Here,1,Allahabad,"Vinayak Pushp, 77 Elgin Road, Near Florista, Civil Lines, Allahabad",Civil Lines,"Civil Lines, Allahabad",81.83316667,25.45343611,"Cafe, Fast Food",350,Indian Rupees(Rs.),No,No,No,No,2,3.3,Orange,Average,76
2400019,Bikanerwala,1,Allahabad,"2A, JMD Bhawan, Strachey Road, Civil Lines, Allahabad",Civil Lines,"Civil Lines, Allahabad",81.832616,25.451517,"North Indian, Street Food, Fast Food",500,Indian Rupees(Rs.),No,No,No,No,3,3.2,Orange,Average,51
2400193,Dewsis,1,Allahabad,"2, MG Marg, Opposite Hanuman Mandir, Civil Lines, Allahabad",Civil Lines,"Civil Lines, Allahabad",0,0,"North Indian, Chinese",600,Indian Rupees(Rs.),No,No,No,No,3,3.4,Orange,Average,99
2400027,Friends Forever,1,Allahabad,"13/13, Sardar Patel Marg, Civil Lines, Allahabad",Civil Lines,"Civil Lines, Allahabad",81.835585,25.457687,"North Indian, Chinese",600,Indian Rupees(Rs.),No,No,No,No,3,3.4,Orange,Average,83
17960073,Hotel Ravisha Continental,1,Allahabad,"57 A, Purshottamdas Tandon Marg, Civil Lines, Allahabad",Civil Lines,"Civil Lines, Allahabad",0,0,"North Indian, South Indian, Chinese",600,Indian Rupees(Rs.),No,No,No,No,3,3.4,Orange,Average,18
2400119,KFC,1,Allahabad,"P Square Mall, Civil Lines, Allahabad",Civil Lines,"Civil Lines, Allahabad",81.839744,25.449659,"American, Fast Food",500,Indian Rupees(Rs.),No,No,No,No,3,3.4,Orange,Average,58
2400014,McDonald's,1,Allahabad,"Shop 4, 34-B, M G Marg, Civil Lines, Allahabad",Civil Lines,"Civil Lines, Allahabad",81.834279,25.450329,Fast Food,400,Indian Rupees(Rs.),No,No,No,No,2,3.3,Orange,Average,53
2400403,Pind Balluchi,1,Allahabad,"5-A, Sardar Patel Marg, Civil Lines, Allahabad",Civil Lines,"Civil Lines, Allahabad",0,0,"North Indian, Mughlai",800,Indian Rupees(Rs.),No,No,No,No,3,3.2,Orange,Average,6
2400349,Pizza Hut,1,Allahabad,"31/31, Sardar Patel Marg, Civil Lines, Allahabad",Civil Lines,"Civil Lines, Allahabad",0,0,"Italian, Pizza",700,Indian Rupees(Rs.),No,No,No,No,3,3.4,Orange,Average,35
2400279,Subway,1,Allahabad,"207/53, Mahatma Gandhi Marg, Civil Lines, Allahabad",Civil Lines,"Civil Lines, Allahabad",0,0,"Fast Food, American, Salad, Healthy Food",400,Indian Rupees(Rs.),No,No,No,No,2,3.4,Orange,Average,32
2400017,Tandoor Restaurant,1,Allahabad,"17/33, Mahatama Gandhi Marg, Civil Lines, Allahabad",Civil Lines,"Civil Lines, Allahabad",81.860187,25.443994,"North Indian, Chinese",500,Indian Rupees(Rs.),No,No,No,No,3,3.2,Orange,Average,151
18317988,The BrewMaster,1,Allahabad,"Near Vishal Megamart, Civil Lines, Allahabad",Civil Lines,"Civil Lines, Allahabad",81.83279631,25.45164569,"North Indian, Chinese, Italian",0,Indian Rupees(Rs.),No,No,No,No,1,3.3,Orange,Average,49
2400144,The Tamarind Tree,1,Allahabad,"60 C, Thornhill Road, Civil Lines, Allahabad",Civil Lines,"Civil Lines, Allahabad",81.834841,25.459775,"South Indian, Chinese",500,Indian Rupees(Rs.),No,No,No,No,3,3.4,Orange,Average,106
2400195,Cafe El Chico,1,Allahabad,"24, Mahatma Gandhi, Civil Lines, Allahabad",Civil Lines,"Civil Lines, Allahabad",81.83616667,25.44987222,"Continental, Italian",1000,Indian Rupees(Rs.),No,No,No,No,4,3.6,Yellow,Good,59
2400052,Eat On,1,Allahabad,"Palace Compound, Near Palace Cinema, MG Marg, Civil Lines, Allahabad",Civil Lines,"Civil Lines, Allahabad",81.834236,25.450377,North Indian,200,Indian Rupees(Rs.),No,No,No,No,1,3.7,Yellow,Good,105
2400016,Hot Stuff,1,Allahabad,"21 C, Lal Bhadhur Shastri Marg, Civil Lines, Allahabad",Civil Lines,"Civil Lines, Allahabad",81.841889,25.45235,"North Indian, Fast Food",500,Indian Rupees(Rs.),No,No,No,No,3,3.5,Yellow,Good,105
2400293,Paradise,1,Allahabad,"19/35, MG Marg, Civil Lines, Allahabad",Civil Lines,"Civil Lines, Allahabad",81.83168056,25.45031667,"Desserts, Fast Food",500,Indian Rupees(Rs.),No,No,No,No,3,3.6,Yellow,Good,57
2400009,Sagar Ratna,1,Allahabad,"3/3, Near Balson Crossing, Hashimpur Road, Tagore Town, Allahabad",Tagore Town,"Tagore Town, Allahabad",81.859682,25.457116,"South Indian, North Indian, Chinese, Continental",400,Indian Rupees(Rs.),No,No,No,No,2,3.5,Yellow,Good,134
2400010,Moti Mahal Delux,1,Allahabad,"Second Floor, Vinayak City Center Mall, SP Marg, Civil Lines, Allahabad","Vinayak City Centre Mall, Civil Lines","Vinayak City Centre Mall, Civil Lines, Allahabad",81.834492,25.454697,"Mughlai, North Indian, Chinese",800,Indian Rupees(Rs.),No,No,No,No,3,3.3,Orange,Average,58
2200011,Makhan Fish and Chicken Corner,1,Amritsar,"21-A, Near Madaan Hospital, Majitha Road, Basant Nagar, Amritsar",Basant Nagar,"Basant Nagar, Amritsar",74.884359,31.64362,"North Indian, Chinese",700,Indian Rupees(Rs.),No,No,No,No,2,3.4,Orange,Average,345
2200078,Charming Chicken,1,Amritsar,"Shop 3, Opposite Nari Nikaten, Majithia Road, Near Basant Nagar, Amritsar",Basant Nagar,"Basant Nagar, Amritsar",74.884384,31.644532,North Indian,300,Indian Rupees(Rs.),No,No,No,No,1,3.9,Yellow,Good,151
18204507,Ahuja Milk Bhandar,1,Amritsar,"Dhab Khatikan, Near Hindu College, Hathi Gate, Amritsar",Hathi Gate,"Hathi Gate, Amritsar",0,0,Beverages,100,Indian Rupees(Rs.),No,No,No,No,1,4,Green,Very Good,52
2200030,Crystal Restaurant,1,Amritsar,"Crystal Chowk, Queens Road, INA Colony, Amritsar",INA Colony,"INA Colony, Amritsar",74.875878,31.635658,"North Indian, Mughlai",800,Indian Rupees(Rs.),No,No,No,No,3,3.4,Orange,Average,122
2200201,Brijwasi Chat Bhandar,1,Amritsar,"Crystal Chowk, Cooper Road, Near INA Colony",INA Colony,"INA Colony, Amritsar",74.87575556,31.63488333,Street Food,150,Indian Rupees(Rs.),No,No,No,No,1,3.6,Yellow,Good,56
2200067,Bubby Fish & Chicken Corner,1,Amritsar,"Near Crystal Chowk, Cooper Road, INA Colony, Amritsar",INA Colony,"INA Colony, Amritsar",74.875828,31.635671,North Indian,300,Indian Rupees(Rs.),No,No,No,No,1,3.5,Yellow,Good,91
2200358,Bon Gateau,1,Amritsar,"SCF 27, C Block Market, Ranjit Avenue, Amritsar",Ranjit Avenue,"Ranjit Avenue, Amritsar",0,0,"Cafe, Bakery, Fast Food",500,Indian Rupees(Rs.),No,No,No,No,2,3.4,Orange,Average,26
2200001,The Yellow Chilli,1,Amritsar,"108, GRD Towers, District Shopping Center, Ranjit Avenue, Amritsar",Ranjit Avenue,"Ranjit Avenue, Amritsar",74.86276111,31.65558889,"North Indian, Mughlai, Chinese",1200,Indian Rupees(Rs.),No,No,No,No,3,3.4,Orange,Average,98
2200033,La Roma Pizzeria,1,Amritsar,"SCO 6, District Shopping Complex, Ranjit Avenue, Amritsar",Ranjit Avenue,"Ranjit Avenue, Amritsar",74.86299167,31.65044167,"Fast Food, Italian",400,Indian Rupees(Rs.),No,No,No,No,2,3.5,Yellow,Good,111
2200283,Sakhis Watz Kukin,1,Amritsar,"M 47, Green Avenue, opp Main Park, Amritsar",Ranjit Avenue,"Ranjit Avenue, Amritsar",74.8649101,31.6466891,"North Indian, Chinese",700,Indian Rupees(Rs.),No,No,No,No,2,3.6,Yellow,Good,51
2200045,The Kulcha Land,1,Amritsar,"Opposite M.K Hotel, District Shopping Centre, Ranjit Avenue, Amritsar",Ranjit Avenue,"Ranjit Avenue, Amritsar",74.86416667,31.65319167,"North Indian, Street Food",200,Indian Rupees(Rs.),No,No,No,No,1,3.9,Yellow,Good,206
2200149,Shudh Restaurant,1,Amritsar,"Opposite Gurudwara Saragarhi, Near Dharm Singh Market Chowk, Fuwara, Town Hall, Amritsar",Town Hall,"Town Hall, Amritsar",74.87981389,31.62404722,"North Indian, South Indian, Chinese, Fast Food",600,Indian Rupees(Rs.),No,No,No,No,2,3.4,Orange,Average,44
2200043,Bade Bhai Ka Brothers' Dhaba,1,Amritsar,"Near Amritsar Municipal Corporation, Town Hall, Amritsar",Town Hall,"Town Hall, Amritsar",74.87461944,31.62394722,"North Indian, Fast Food",500,Indian Rupees(Rs.),No,No,No,No,2,3.7,Yellow,Good,94
2200044,Bharawan Da Dhaba,1,Amritsar,"Near Amritsar Municipal Corporation, Town Hall, Amritsar",Town Hall,"Town Hall, Amritsar",74.87833333,31.62615278,"North Indian, Fast Food",500,Indian Rupees(Rs.),No,No,No,No,2,3.5,Yellow,Good,461
2200132,Brothers Dhaba,1,Amritsar,"Golden Temple Out Road, Opposite Amritsar Municipal Corporation, Town Hall, Amritsar",Town Hall,"Town Hall, Amritsar",74.877666,31.625981,North Indian,500,Indian Rupees(Rs.),No,No,No,No,2,3.8,Yellow,Good,276
2200236,Brothers' Amritsari Dhaba,1,Amritsar,"Phawara Chowk, Town Hall, Amritsar",Town Hall,"Town Hall, Amritsar",74.87957778,31.62261111,North Indian,400,Indian Rupees(Rs.),No,No,No,No,2,3.8,Yellow,Good,71
2200175,Gurdas Ram Jalebi Wala,1,Amritsar,"Near Golden Temple, Town Hall, Amritsar",Town Hall,"Town Hall, Amritsar",0,0,Mithai,100,Indian Rupees(Rs.),No,No,No,No,1,4.1,Green,Very Good,104
2200000,Kesar Da Dhabha,1,Amritsar,"Near Telephone Exchange, Chowk Passian, Shastri Market, Near Town Hall, Amritsar",Town Hall,"Town Hall, Amritsar",74.873005,31.624386,North Indian,500,Indian Rupees(Rs.),No,No,No,No,2,4.1,Green,Very Good,878
2200055,Beera Chicken Corner,1,Amritsar,"Opposite Bandari Hospital, Sehaj Avenue, Majitha Road, Near White Avenue, Amritsar",White Avenue,"White Avenue, Amritsar",74.883997,31.641991,North Indian,500,Indian Rupees(Rs.),No,No,No,No,2,3.8,Yellow,Good,192
2200034,Surjit Food Plaza,1,Amritsar,"Shop 4, Nehru Shopping Complex, Lawrence Road, White Avenue, Amritsar",White Avenue,"White Avenue, Amritsar",74.877002,31.644818,North Indian,1000,Indian Rupees(Rs.),No,No,No,No,3,3.5,Yellow,Good,96
2200153,Kanha Sweets,1,Amritsar,"Shop 1, Opposite Bijli Pehalwan Mandir, Lawrence Road, White Avenue, Amritsar",White Avenue,"White Avenue, Amritsar",0,0,Fast Food,150,Indian Rupees(Rs.),No,No,No,No,1,4.1,Green,Very Good,140
2500023,Kream N Krunch,1,Aurangabad,"2, Near Akashwani Circle, Mahesh Nagar, Jalna Road, Akashwani, Aurangabad",Akashwani,"Akashwani, Aurangabad",75.34601667,19.87621944,"North Indian, Chinese, Continental, Italian",800,Indian Rupees(Rs.),No,No,No,No,3,3.6,Yellow,Good,240
2500076,Balbeer's Kitchen & Bar,1,Aurangabad,"Shendra, Near Cambridge School, Jalna Road, Chicalthana, Aurangabad",Chicalthana,"Chicalthana, Aurangabad",0,0,"Italian, Continental, Chinese, North Indian",850,Indian Rupees(Rs.),No,No,No,No,3,3.3,Orange,Average,65
2500054,Angeethi Restaurant,1,Aurangabad,"Seven Hill Flyover, Jalna Road, Vidya Nagar, CIDCO, Aurangabad",CIDCO,"CIDCO, Aurangabad",75.35394167,19.87473333,"North Indian, Chinese",600,Indian Rupees(Rs.),No,No,No,No,2,3.3,Orange,Average,63
2500134,Domino's Pizza,1,Aurangabad,"8, Upper Ground Floor, City Pride Commercial Complex, Kali Bawdi, Jalna Road, CIDCO, Aurangabad",CIDCO,"CIDCO, Aurangabad",75.340775,19.87610556,Pizza,700,Indian Rupees(Rs.),No,No,No,No,2,3.1,Orange,Average,19
2500069,Hotel Laadli,1,Aurangabad,"Goodwill Complex, Opposite Cidco Busstand, N-2, CIDCO, Aurangabad",CIDCO,"CIDCO, Aurangabad",75.3671268,19.8755223,"North Indian, South Indian",350,Indian Rupees(Rs.),No,No,No,No,2,3.4,Orange,Average,46
2500256,Indiana Veg Restaurant,1,Aurangabad,"Plot 2, Near High Court, N-3, CIDCO, Aurangabad",CIDCO,"CIDCO, Aurangabad",75.360232,19.874449,"South Indian, North Indian, Chinese, Fast Food",450,Indian Rupees(Rs.),No,No,No,No,2,3.4,Orange,Average,75
2500024,Madhuban Restaurant - Welcome Hotel Rama International,1,Aurangabad,"Welcome Hotel Rama International, Opposite High Court, CIDCO, Aurangabad",CIDCO,"CIDCO, Aurangabad",75.358888,19.875908,"North Indian, Chinese, Continental, Italian, Mexican",1800,Indian Rupees(Rs.),No,No,No,No,4,3.4,Orange,Average,94
2500075,Mauj Restaurant,1,Aurangabad,"31, Kailash Arcade, Opposite Bank of Baroda, Connaught Place, CIDCO, Aurangabad",CIDCO,"CIDCO, Aurangabad",75.36479167,19.87642778,"Italian, Fast Food, North Indian, Chinese",500,Indian Rupees(Rs.),No,No,No,No,2,3.3,Orange,Average,47
2500029,Naivedya,1,Aurangabad,"Sakal Office, Jalna Road, CIDCO, Aurangabad",CIDCO,"CIDCO, Aurangabad",75.3684187,19.874103,North Indian,500,Indian Rupees(Rs.),No,No,No,No,2,3.4,Orange,Average,71
2500079,d' Curry House,1,Aurangabad,"Hotel Green Olive, Near Baba Petrol Pump, Nirala Bazar, Aurangabad","Hotel Green Olive, Nirala Bazar","Hotel Green Olive, Nirala Bazar, Aurangabad",75.316722,19.875337,"Continental, Chinese, Biryani, North Indian",1000,Indian Rupees(Rs.),No,No,No,No,3,3.6,Yellow,Good,73
2500343,Mokoholic Juice Bar,1,Aurangabad,"Opposite Municipal Car Parking, Paithan Gate, Near Mondha, Aurangabad",Mondha,"Mondha, Aurangabad",0,0,"Juices, Desserts",300,Indian Rupees(Rs.),No,No,No,No,1,3.5,Yellow,Good,21
2500052,Ashoka's Veg Restaurant,1,Aurangabad,"31, Opposite Kohinoor Plaza, Near M P Law College, Nirala Bazar, Aurangabad",Nirala Bazar,"Nirala Bazar, Aurangabad",75.32340278,19.87963056,"South Indian, Chinese, North Indian",400,Indian Rupees(Rs.),No,No,No,No,2,3.3,Orange,Average,46
2500062,Kareem's Fine Dining,1,Aurangabad,"A1-A3, Motiwala Complex, Below KFC Restaurant, Nirala Bazar, Aurangabad",Nirala Bazar,"Nirala Bazar, Aurangabad",75.32350278,19.88025556,"Mughlai, Biryani",700,Indian Rupees(Rs.),No,No,No,No,2,3.3,Orange,Average,45
2500056,That Baat,1,Aurangabad,"Near Vivekanand College, Samarth Nagar, Nirala Bazar Road, Aurangabad",Nirala Bazar,"Nirala Bazar, Aurangabad",75.322405,19.875016,Maharashtrian,450,Indian Rupees(Rs.),No,No,No,No,2,3.4,Orange,Average,34
2500030,Bhoj Restaurant,1,Aurangabad,"First Floor, Bhau Pathak Smriti Kamgar Bhavan, CBS Road, Nirala Bazar, Aurangabad",Nirala Bazar,"Nirala Bazar, Aurangabad",75.317475,19.87802778,North Indian,450,Indian Rupees(Rs.),No,No,No,No,2,3.7,Yellow,Good,89
2500390,Downside Up,1,Aurangabad,"6&7 B, Kuber Avenue, Rana Nagar, Near Nyay Nagar, Aurangabad",Nyay Nagar,"Nyay Nagar, Aurangabad",0,0,"Cafe, Mughlai, North Indian",400,Indian Rupees(Rs.),No,No,No,No,2,3.2,Orange,Average,8
2500007,Kareem's Kabab & Biryani,1,Aurangabad,"First Floor, Food Court, Prozone Mall, MIDC Industrial Area, Chicalthana, Aurangabad","Prozone Mall, Chicalthana","Prozone Mall, Chicalthana, Aurangabad",75.37235278,19.87699444,Mughlai,650,Indian Rupees(Rs.),No,No,No,No,2,3.4,Orange,Average,39
2500123,Great Sagar Restaurant,1,Aurangabad,"Near Bhadkal Gate, VIP Road, Shahgunj, Aurangabad",Shahgunj,"Shahgunj, Aurangabad",75.321461,19.888716,"North Indian, Mughlai",600,Indian Rupees(Rs.),No,No,No,No,2,3.3,Orange,Average,74
2500122,Kailash Restaurant,1,Aurangabad,"Rachanakar colony, Railway Station Road, Usmanpura, Aurangabad",Usmanpura,"Usmanpura, Aurangabad",75.31889444,19.86696944,"North Indian, Chinese, South Indian, Fast Food",450,Indian Rupees(Rs.),No,No,No,No,2,3.3,Orange,Average,76
2500346,Yalla Yalla,1,Aurangabad,"Near Gopal Tea Corner, Usmanpura Circle, Usmanpura, Aurangabad",Usmanpura,"Usmanpura, Aurangabad",0,0,"North Indian, Hyderabadi",500,Indian Rupees(Rs.),No,No,No,No,2,3.3,Orange,Average,71
50943,Sultans of Spice,1,Bangalore,"BluPetal Hotel, 60 Jyoti Nivas College Road, Koramangala 5th Block, Bangalore","BluPetal Hotel, Koramangala","BluPetal Hotel, Koramangala, Bangalore",77.61542793,12.93328392,"North Indian, Mughlai",1300,Indian Rupees(Rs.),Yes,Yes,No,No,3,4.1,Green,Very Good,2416
58268,The Fatty Bao - Asian Gastro Bar,1,Bangalore,"610, 3rd Floor, 12th Main, Off 80 Feet Road, Indiranagar, Bangalore",Indiranagar,"Indiranagar, Bangalore",77.64539558,12.97022064,Asian,2400,Indian Rupees(Rs.),Yes,Yes,No,No,4,4.7,Dark Green,Excellent,2369
51705,Toit,1,Bangalore,"298, Namma Metro Pillar 62, 100 Feet Road, Indiranagar, Bangalore",Indiranagar,"Indiranagar, Bangalore",77.64070876,12.9791658,"Italian, American, Pizza",2000,Indian Rupees(Rs.),No,No,No,No,4,4.8,Dark Green,Excellent,10934
18162866,Three Dots & A Dash,1,Bangalore,"840/1,100 Feet Road, Metro Pillar 56-57, Indiranagar, Bangalore",Indiranagar,"Indiranagar, Bangalore",77.64048882,12.98041024,"European, Continental",1300,Indian Rupees(Rs.),Yes,No,No,No,3,3.9,Yellow,Good,1354
18407918,Bombay Brasserie,1,Bangalore,"2989/B, 12th Main Road, HAL 2nd Stage, Indiranagar, Bangalore",Indiranagar,"Indiranagar, Bangalore",77.645748,12.970324,Modern Indian,1500,Indian Rupees(Rs.),No,Yes,No,No,3,4.2,Green,Very Good,231
56464,Glen's Bakehouse,1,Bangalore,"297, 100 Feet Road, Indiranagar, Bangalore",Indiranagar,"Indiranagar, Bangalore",77.64062494,12.97909556,"Bakery, Desserts, Cafe",800,Indian Rupees(Rs.),No,No,No,No,2,4,Green,Very Good,3533
18221572,Onesta,1,Bangalore,"501, Binnamangala Extension, 1st stage, C.M.H Road, Indiranagar, Bangalore",Indiranagar,"Indiranagar, Bangalore",77.64368467,12.97845292,"Pizza, Cafe, Italian",600,Indian Rupees(Rs.),No,Yes,No,No,2,4.3,Green,Very Good,1413
18359919,Onesta,1,Bangalore,"Site 15, 15th Cross, 100 Feet Road, 4th Phase, JP Nagar, Bangalore",JP Nagar,"JP Nagar, Bangalore",77.59679094,12.90622878,"Pizza, Cafe, Italian",600,Indian Rupees(Rs.),No,No,No,No,2,4.6,Dark Green,Excellent,781
18439634,ECHOES Koramangala,1,Bangalore,"44, 4th B Cross, Koramangala 5th Block, Bangalore",Koramangala 5th Block,"Koramangala 5th Block, Bangalore",77.615797,12.934179,"Continental, American, Italian, North Indian, Chinese, Cafe",950,Indian Rupees(Rs.),No,No,No,No,2,4.7,Dark Green,Excellent,276
51040,Truffles,1,Bangalore,"28, 4th 'B' Cross, Koramangala 5th Block, Bangalore",Koramangala 5th Block,"Koramangala 5th Block, Bangalore",77.61429269,12.93329764,"American, Burger, Cafe",800,Indian Rupees(Rs.),No,Yes,No,No,2,4.7,Dark Green,Excellent,9667
54162,The Black Pearl,1,Bangalore,"105, 1st A Cross Road, Jyothi Nivas College Road, Koramangala 5th Block, Bangalore",Koramangala 5th Block,"Koramangala 5th Block, Bangalore",77.61615515,12.93436454,"North Indian, European, Mediterranean",1400,Indian Rupees(Rs.),Yes,No,No,No,3,4.1,Green,Very Good,5385
18305628,Eat Street,1,Bangalore,"11, 80 Feet Road, Opposite Indian Oil Petrol Pump, Koramangala 6th Block, Bangalore",Koramangala 6th Block,"Koramangala 6th Block, Bangalore",77.625999,12.939496,"North Indian, Chinese, Italian, Street Food, Desserts",400,Indian Rupees(Rs.),No,Yes,No,No,1,4.3,Green,Very Good,753
18385443,Koramangala Social,1,Bangalore,"118, Koramangala Industrial Area, Koramangala 7th Block, Bangalore",Koramangala 7th Block,"Koramangala 7th Block, Bangalore",77.61413042,12.93566181,"Continental, American",1500,Indian Rupees(Rs.),No,No,No,No,3,4.5,Dark Green,Excellent,1288
56618,AB's - Absolute Barbecues,1,Bangalore,"90/4, 3rd Floor, Outer Ring Road, Munnekollaly Village, Marathahalli, Bangalore",Marathahalli,"Marathahalli, Bangalore",77.6993861,12.94993396,"European, Mediterranean, North Indian",1400,Indian Rupees(Rs.),No,No,No,No,3,4.6,Dark Green,Excellent,6907
18353121,Flechazo,1,Bangalore,"9/1, 1st Floor, Above Surya Nissan, VRR Orchid, Doddanakkundi, Marathahalli, Bangalore",Marathahalli,"Marathahalli, Bangalore",77.696664,12.97537691,"Asian, Mediterranean, North Indian",1200,Indian Rupees(Rs.),Yes,No,No,No,3,4.4,Green,Very Good,983
18366652,Onesta,1,Bangalore,"215, 216 & 220, Devasandra Village, Kasaba Hobli, New BEL Road, Bangalore",New BEL Road,"New BEL Road, Bangalore",77.5709967,13.0291977,"Pizza, Cafe, Italian",600,Indian Rupees(Rs.),No,No,No,No,2,4.6,Dark Green,Excellent,627
18430785,Communiti,1,Bangalore,"67 & 68, Brigade Solitaire, Opposite to Advaith Hyundai, Residency Road, Bangalore",Residency Road,"Residency Road, Bangalore",77.60817859,12.97253153,Continental,1200,Indian Rupees(Rs.),No,No,No,No,3,4.2,Green,Very Good,334
58882,Big Brewsky,1,Bangalore,"Behind MK Retail, Before WIPRO Corporate Office, Sarjapur Road, Bangalore",Sarjapur Road,"Sarjapur Road, Bangalore",77.68323686,12.91304096,"Finger Food, North Indian, Italian, Continental, Thai, South Indian",1800,Indian Rupees(Rs.),Yes,Yes,No,No,3,4.5,Dark Green,Excellent,5705
18422898,Hoot,1,Bangalore,"BBMP 2034/69, Block 2, Kaikondrahalli, Varthur Hobli, Sarjapur Road, Bangalore",Sarjapur Road,"Sarjapur Road, Bangalore",77.6784,12.914264,"Continental, Italian, North Indian",1400,Indian Rupees(Rs.),No,No,No,No,3,3.9,Yellow,Good,405
18339874,Farzi Cafe,1,Bangalore,"202, Level 2, UB City, Vittal Mallya Road, Lavelle Road, Bangalore",UB City,"UB City, Bangalore",77.5960137,12.9721612,Modern Indian,1500,Indian Rupees(Rs.),No,No,No,No,3,4.4,Green,Very Good,754
2600472,Black N White Cafe,1,Bhopal,"G-1, Raksha Tower, Eden Garden, Arera Colony, Bhopal",Arera Colony,"Arera Colony, Bhopal",77.419399,23.211529,"Cafe, Chinese, North Indian",200,Indian Rupees(Rs.),No,No,No,No,1,3.3,Orange,Average,51
2600514,Maybe There,1,Bhopal,"4th floor,10th Cross Road Building, Above Vishal Fitness Centre, 10 Main Road, Arera Colony, Bhopal",Arera Colony,"Arera Colony, Bhopal",0,0,Cafe,600,Indian Rupees(Rs.),No,No,No,No,2,3.4,Orange,Average,63
2600109,Sagar Gaire Fast Food,1,Bhopal,"10, Number Market, Arera Colony, Bhopal",Arera Colony,"Arera Colony, Bhopal",77.435361,23.214294,Fast Food,250,Indian Rupees(Rs.),No,No,No,No,1,4.9,Dark Green,Excellent,427
2600311,The Kasbah,1,Bhopal,"110/7, Mandakini, Opposite Union Bank, Kolar Main Road, Arera Colony, Bhopal",Arera Colony,"Arera Colony, Bhopal",77.41722744,23.18499152,"North Indian, Chinese",700,Indian Rupees(Rs.),No,No,No,No,2,3.9,Yellow,Good,126
2600008,Bake N Shake,1,Bhopal,"B-1, GM Tower,  Stop No. 10, Arera Colony, Bhopal",Arera Colony,"Arera Colony, Bhopal",77.434976,23.214459,Fast Food,500,Indian Rupees(Rs.),No,No,No,No,2,4.2,Green,Very Good,223
2600031,10 Downing Street,1,Bhopal,"Third Floor, DB City Mall, Maharana Pratap Nagar, Bhopal","DB City, Maharana Pratap Nagar","DB City, Maharana Pratap Nagar, Bhopal",77.429989,23.232357,"North Indian, Chinese",1000,Indian Rupees(Rs.),No,No,No,No,3,4,Green,Very Good,257
2600250,Chi Kitchen,1,Bhopal,"12-13, Food Court, DB City Mall, Maharana Pratap Nagar, Bhopal","DB City, Maharana Pratap Nagar","DB City, Maharana Pratap Nagar, Bhopal",0,0,Chinese,1000,Indian Rupees(Rs.),No,No,No,No,3,4,Green,Very Good,103
2600025,Pizza Hut,1,Bhopal,"Third Floor, DB City Mall, Arera Hills, Maharana Pratap Nagar, Bhopal","DB City, Maharana Pratap Nagar","DB City, Maharana Pratap Nagar, Bhopal",77.429845,23.232537,Pizza,650,Indian Rupees(Rs.),No,No,No,No,2,4.1,Green,Very Good,118
2600494,Kafe Kulture,1,Bhopal,"A-66A, Jai Bhawani Housing Society, Bawadiyan Kalan, Gulmohar Colony, Bhopal",Gulmohar Colony,"Gulmohar Colony, Bhopal",0,0,"Cafe, Fast Food",600,Indian Rupees(Rs.),No,No,No,No,2,3.8,Yellow,Good,98
18108352,Violet Hour,1,Bhopal,"Shop 3-4, Plot 5B, Sai Mehndi Appartment, B.D.A,  Kohefiza Main Road, Kohefiza, Bhopal",Kohefiza,"Kohefiza, Bhopal",77.3796051,23.26626099,Bakery,500,Indian Rupees(Rs.),No,No,No,No,2,3.8,Yellow,Good,33
2600079,Bapu Ki Kutia,1,Bhopal,"Behind Jyoti Cineplex, Zone 1, Maharana Pratap Nagar, Bhopal",Maharana Pratap Nagar,"Maharana Pratap Nagar, Bhopal",77.433571,23.233219,"North Indian, Chinese, South Indian, Fast Food",550,Indian Rupees(Rs.),No,No,No,No,2,3.5,Yellow,Good,175
2600340,Da pizzeria,1,Bhopal,"177, Zone 2, Maharana Pratap Nagar, Bhopal",Maharana Pratap Nagar,"Maharana Pratap Nagar, Bhopal",0,0,"Pizza, Italian, Fast Food",500,Indian Rupees(Rs.),No,No,No,No,2,3.6,Yellow,Good,111
18461339,Papa Mexicano,1,Bhopal,"R-24, Zone II, Maharana Pratap Nagar, Bhopal",Maharana Pratap Nagar,"Maharana Pratap Nagar, Bhopal",77.43702042,23.23079116,"Fast Food, Mexican, Tex-Mex",350,Indian Rupees(Rs.),No,No,No,No,2,3.6,Yellow,Good,20
2600010,Bake N Shake,1,Bhopal,"Near Jyoti Cineplex, Zone 1, Maharana Pratap Nagar, Bhopal",Maharana Pratap Nagar,"Maharana Pratap Nagar, Bhopal",0,0,Fast Food,500,Indian Rupees(Rs.),No,No,No,No,2,4.1,Green,Very Good,103
2600230,Manohar Dairy And Restaurant,1,Bhopal,"132, Zone 1, Maharana Pratap Nagar, Bhopal",Maharana Pratap Nagar,"Maharana Pratap Nagar, Bhopal",77.434007,23.234249,"North Indian, South Indian, Street Food, Bakery",400,Indian Rupees(Rs.),No,No,No,No,2,4.4,Green,Very Good,243
2600003,Manohar Dairy And Restaurant,1,Bhopal,"6, Hamidia Road, Opposite Alpana Cineplex, Peer Gate Area, Bhopal",Peer Gate Area,"Peer Gate Area, Bhopal",77.408236,23.264015,"North Indian, South Indian, Street Food, Bakery",400,Indian Rupees(Rs.),No,No,No,No,2,4.1,Green,Very Good,238
2600303,Kebabsville - Sayaji Hotel,1,Bhopal,"A-3,Van Vihar Road, Prempura, TT Nagar, Bhopal",Sayaji Hotel,"Sayaji Hotel, Bhopal",77.373573,23.218998,North Indian,1800,Indian Rupees(Rs.),No,No,No,No,4,4.3,Green,Very Good,128
2600180,Indian Coffee House,1,Bhopal,"Near Apex Bank, TT Nagar, Bhopal",TT Nagar,"TT Nagar, Bhopal",77.401663,23.234631,South Indian,500,Indian Rupees(Rs.),No,No,No,No,2,3.9,Yellow,Good,161
2600393,The Urban Socialite,1,Bhopal,"Hotel Lake View Ashoka, 5th Floor, Shyamla Hills, TT Nagar, Bhopal",TT Nagar,"TT Nagar, Bhopal",0,0,"Italian, Mexican, Chinese",900,Indian Rupees(Rs.),No,No,No,No,3,3.8,Yellow,Good,79
2600007,Bake N Shake,1,Bhopal,"Bhadbhada Road, Near Rang Mahal Talkies, TT Nagar, Bhopal",TT Nagar,"TT Nagar, Bhopal",77.398886,23.235123,Fast Food,500,Indian Rupees(Rs.),No,No,No,No,2,4.3,Green,Very Good,120
2900587,Tyre Patty,1,Bhubaneshwar,"3rd Floor, BMC Bhawani Mall, Sahid Nagar, Bhubaneshwar","BMC Bhawani Mall, Sahid Nagar","BMC Bhawani Mall, Sahid Nagar, Bhubaneshwar",0,0,Cafe,500,Indian Rupees(Rs.),No,No,No,No,2,3.9,Yellow,Good,289
2900354,Silver Streak,1,Bhubaneshwar,"Ground Floor, BMC Bhawani Mall, Sahid Nagar, Bhubaneshwar","BMC Bhawani Mall, Sahid Nagar","BMC Bhawani Mall, Sahid Nagar, Bhubaneshwar",85.846838,20.286333,Chinese,550,Indian Rupees(Rs.),No,No,No,No,2,4.1,Green,Very Good,379
2900633,Barbeque Nation,1,Bhubaneshwar,"Plot 12-13/557, 3rd Floor, Mauza Samantapuri,Gajapati Nagar, Chandrasekharpur, Bhubaneshwar",Chandrasekharpur,"Chandrasekharpur, Bhubaneshwar",0,0,"Mediterranean, Asian, Continental, North Indian, Arabian",1200,Indian Rupees(Rs.),No,No,No,No,3,4.6,Dark Green,Excellent,154
18408676,Central Perk 7,1,Bhubaneshwar,"Plot 133/A, District Center, Chandrasekharpur, Bhubaneshwar",Chandrasekharpur,"Chandrasekharpur, Bhubaneshwar",85.81781287,20.32553933,"Cafe, Charcoal Grill, Steak",600,Indian Rupees(Rs.),No,No,No,No,2,4.5,Dark Green,Excellent,145
2900234,The Chicken Dinesty,1,Bhubaneshwar,"District Center, Niladri Vihar Road, Chandrasekharpur, Bhubaneshwar",Chandrasekharpur,"Chandrasekharpur, Bhubaneshwar",85.81856667,20.32634444,"Fast Food, North Indian, Chinese",500,Indian Rupees(Rs.),No,No,No,No,2,3.9,Yellow,Good,247
2900550,Taste Of China,1,Bhubaneshwar,"139, District Center, Chandrasekharpur, Bhubaneshwar",Chandrasekharpur,"Chandrasekharpur, Bhubaneshwar",0,0,Chinese,500,Indian Rupees(Rs.),No,No,No,No,2,4,Green,Very Good,145
18362677,Michael's Kitchen,1,Bhubaneshwar,"7798, Sainik School Road, Gajapati Nagar, Bhubaneswar, Gajapati Nagar, Bhubaneshwar",Gajapati Nagar,"Gajapati Nagar, Bhubaneshwar",85.83394811,20.31149633,"North Indian, Asian, European",850,Indian Rupees(Rs.),No,No,No,No,2,3.7,Yellow,Good,118
2900044,Mamma Mia - Mayfair Lagoon,1,Bhubaneshwar,"Mayfair Lagoon, 8-B, Jayadev Vihar, Bhubaneshwar","Mayfair Lagoon, Jayadev Vihar","Mayfair Lagoon, Jayadev Vihar, Bhubaneshwar",85.819178,20.301785,"Cafe, Italian, Mexican, Bakery",1400,Indian Rupees(Rs.),No,No,No,No,3,4.1,Green,Very Good,256
2900469,99 North Restaurant,1,Bhubaneshwar,"B36, Chandaka Industrial Estate, Near CTTC, Patia, Bhubaneshwar",Patia,"Patia, Bhubaneshwar",85.80823611,20.34306944,"North Indian, Chinese",450,Indian Rupees(Rs.),No,No,No,No,1,3.6,Yellow,Good,173
2900219,Adda,1,Bhubaneshwar,"4th Floor, SJ Complex, KIIT College Road, Patia, Bhubaneshwar",Patia,"Patia, Bhubaneshwar",85.82272222,20.353675,"North Indian, Chinese, Mexican, Beverages",600,Indian Rupees(Rs.),No,No,No,No,2,3.8,Yellow,Good,424
2900473,Chill Ummm,1,Bhubaneshwar,"DS Tower, 2nd Floor, Plot 516/1763/4177, Near Big Bazar, Patia, Bhubaneshwar",Patia,"Patia, Bhubaneshwar",85.825257,20.35324774,"Chinese, North Indian, Cafe",450,Indian Rupees(Rs.),No,No,No,No,1,3.7,Yellow,Good,338
2900020,Lal Qila,1,Bhubaneshwar,"Sampark Vihar, Opposite Big Bazaar, KIIT Square, Patia, Bhubaneshwar",Patia,"Patia, Bhubaneshwar",85.82685,20.35299167,"Mughlai, Chinese, North Indian",500,Indian Rupees(Rs.),No,No,No,No,2,3.7,Yellow,Good,228
2900562,Richard's Kitchen & Coffee Bar,1,Bhubaneshwar,"Rooftop Bata Showroom, KIIT Square, Patia, Bhubaneshwar",Patia,"Patia, Bhubaneshwar",85.82599327,20.35343289,"Cafe, Chinese, Fast Food, Seafood",450,Indian Rupees(Rs.),No,No,No,No,1,3.8,Yellow,Good,253
18413814,Aangan Horizon,1,Bhubaneshwar,"Above Patia Pantaloons, Nandankanan Road, Patia, Bhubaneshwar",Patia,"Patia, Bhubaneshwar",85.82289287,20.34347604,"North Indian, Chinese, Continental",900,Indian Rupees(Rs.),No,No,No,No,2,4,Green,Very Good,90
18235390,Brewberrys The Coffee Bar,1,Bhubaneshwar,"3, Infocity Road, Patia, Bhubaneshwar",Patia,"Patia, Bhubaneshwar",85.81112333,20.34314407,Cafe,400,Indian Rupees(Rs.),No,No,No,No,1,4,Green,Very Good,197
2900640,Chai Break,1,Bhubaneshwar,"KIIT Road, PS Plaza, Patia, Bhubaneshwar",Patia,"Patia, Bhubaneshwar",0,0,"Italian, Cafe, Chinese, Continental",800,Indian Rupees(Rs.),No,No,No,No,2,4.3,Green,Very Good,69
18271459,JUGAAD JN.,1,Bhubaneshwar,"KIIT Road, Opposite SBI, Patia, Bhubaneshwar",Patia,"Patia, Bhubaneshwar",85.82225987,20.35348061,"North Indian, Rajasthani",300,Indian Rupees(Rs.),No,No,No,No,1,4.1,Green,Very Good,199
18377283,Cha cTea,1,Bhubaneshwar,"797, Near Shivam Honda Showroom, Sahid Nagar, Bhubaneshwar",Sahid Nagar,"Sahid Nagar, Bhubaneshwar",85.84295925,20.29322917,"Cafe, Tea",500,Indian Rupees(Rs.),No,No,No,No,2,3.8,Yellow,Good,56
18408600,Food Fever,1,Bhubaneshwar,"A-54, Opposite Law University, Sahid Nagar, Bhubaneshwar",Sahid Nagar,"Sahid Nagar, Bhubaneshwar",85.84516996,20.29575519,"Chinese, North Indian",900,Indian Rupees(Rs.),No,No,No,No,2,4.2,Green,Very Good,49
2900012,Mainland China,1,Bhubaneshwar,"The Crown, A1, Near IRC Village, Nayapalli, Bhubaneshwar","The Crown, Nayapalli","The Crown, Nayapalli, Bhubaneshwar",85.818494,20.292363,Chinese,1500,Indian Rupees(Rs.),No,No,No,No,3,4.3,Green,Very Good,345
18436042,Eram Rooftop,1,Bhubaneshwar,"206, 3rd Floor, Suryansh Enclave, Shastri Nagar, Unit 4, Bhubaneshwar",Unit 4,"Unit 4, Bhubaneshwar",85.82669624,20.28398889,"Asian, Continental",400,Indian Rupees(Rs.),No,No,No,No,1,3.5,Yellow,Good,89
122003,The Night Factory,1,Chandigarh,"Phase 1, Chandigarh Industrial Area, Chandigarh",Chandigarh Industrial Area,"Chandigarh Industrial Area, Chandigarh",76.801234,30.71005476,"North Indian, Chinese, Continental, Pizza",850,Indian Rupees(Rs.),No,Yes,Yes,No,2,3.7,Yellow,Good,665
121552,Brooklyn Central,1,Chandigarh,"Courtyard, Elante Mall, Phase 1, Chandigarh Industrial Area, Chandigarh","Elante Mall, Chandigarh Industrial Area","Elante Mall, Chandigarh Industrial Area, Chandigarh",76.8009555,30.7050693,"American, Cafe",1600,Indian Rupees(Rs.),No,No,No,No,3,4.2,Green,Very Good,676
121214,Chili's,1,Chandigarh,"312 B, 3rd Floor, Elante Mall, Phase 1, Chandigarh Industrial Area, Chandigarh","Elante Mall, Chandigarh Industrial Area","Elante Mall, Chandigarh Industrial Area, Chandigarh",76.8007752,30.7056682,"Mexican, American, Italian",1400,Indian Rupees(Rs.),No,Yes,No,No,3,4.3,Green,Very Good,970
121553,Kylin Experience,1,Chandigarh,"312 A, 3rd Floor, Elante Mall, Phase 1, Chandigarh Industrial Area, Chandigarh","Elante Mall, Chandigarh Industrial Area","Elante Mall, Chandigarh Industrial Area, Chandigarh",76.80064,30.7056102,"Japanese, Chinese, Thai, Malaysian, Burmese, Asian",1600,Indian Rupees(Rs.),No,No,No,No,3,4.1,Green,Very Good,300
121312,Mocha,1,Chandigarh,"Ground Floor, Elante Mall, Phase 1, Chandigarh Industrial Area, Chandigarh","Elante Mall, Chandigarh Industrial Area","Elante Mall, Chandigarh Industrial Area, Chandigarh",76.8008653,30.7051482,"Continental, Italian, Thai, Finger Food",1400,Indian Rupees(Rs.),No,No,No,No,3,4,Green,Very Good,428
121335,Pirates of Grill,1,Chandigarh,"313, Third Floor, Elante Mall, Phase 1, Chandigarh Industrial Area, Chandigarh","Elante Mall, Chandigarh Industrial Area","Elante Mall, Chandigarh Industrial Area, Chandigarh",76.8009555,30.705775,"North Indian, Continental, Asian",1200,Indian Rupees(Rs.),No,No,No,No,3,4,Green,Very Good,1022
120014,Barbeque Nation,1,Chandigarh,"SCO 39, Madhya Marg, Sector 26, Chandigarh",Sector 26,"Sector 26, Chandigarh",76.8051917,30.7257045,"North Indian, Chinese",1300,Indian Rupees(Rs.),No,No,No,No,3,4.5,Dark Green,Excellent,1450
123125,TGI Friday's,1,Chandigarh,"SCO 51, Madhya Marg, Sector 26, Chandigarh",Sector 26,"Sector 26, Chandigarh",76.8063634,30.7249431,"American, Tex-Mex",1800,Indian Rupees(Rs.),No,No,No,No,3,4.3,Green,Very Good,228
120221,Pal Dhaba,1,Chandigarh,"SCO 151 & 152, Sector 28 D, Sector 28, Chandigarh",Sector 28,"Sector 28, Chandigarh",76.801316,30.7194841,North Indian,700,Indian Rupees(Rs.),No,No,No,No,2,3.8,Yellow,Good,982
122064,Midnight Chef,1,Chandigarh,"SCO 329-332, Sector 35B, Sector 35, Chandigarh",Sector 35,"Sector 35, Chandigarh",76.76560555,30.72476574,"North Indian, Chinese, Continental, Italian, Burger",1000,Indian Rupees(Rs.),No,Yes,No,No,3,3.4,Orange,Average,502
120203,Nik Baker's,1,Chandigarh,"SCO 441 & 442, Sector 35 C, Sector 35, Chandigarh",Sector 35,"Sector 35, Chandigarh",76.76055595,30.72152328,"Bakery, Desserts, Cafe",650,Indian Rupees(Rs.),No,No,No,No,2,4.1,Green,Very Good,698
120219,OvenFresh,1,Chandigarh,"SCO 437 & 438, Sector 35 C, Sector 35, Chandigarh",Sector 35,"Sector 35, Chandigarh",76.7606106,30.7216086,"Cafe, Bakery",650,Indian Rupees(Rs.),No,No,No,No,2,4.1,Green,Very Good,397
121425,Super Donuts,1,Chandigarh,"SCO 446 Sector 35 C, Sector 35, Chandigarh",Sector 35,"Sector 35, Chandigarh",76.76028337,30.72137975,"Burger, Fast Food, Desserts, Beverages",450,Indian Rupees(Rs.),No,Yes,No,No,1,4,Green,Very Good,265
123010,Taco Bell,1,Chandigarh,"SCO 453-454, Sector 35C, Sector 35, Chandigarh",Sector 35,"Sector 35, Chandigarh",76.75984483,30.72114167,"Mexican, Fast Food",600,Indian Rupees(Rs.),No,Yes,No,No,2,4.2,Green,Very Good,252
123294,Karim's,1,Chandigarh,"SCO 33, Madhya Marg, Sector 7, Chandigarh",Sector 7,"Sector 7, Chandigarh",76.8009793,30.7306181,"Mughlai, North Indian",800,Indian Rupees(Rs.),No,No,No,No,2,3.3,Orange,Average,86
121120,Virgin Courtyard,1,Chandigarh,"Backside, SCO 1A, Madhya Marg, Sector 7, Chandigarh",Sector 7,"Sector 7, Chandigarh",76.7976205,30.7334795,Italian,2200,Indian Rupees(Rs.),No,No,No,No,4,4.4,Green,Very Good,817
122940,Burgrill,1,Chandigarh,"Booth 70, Sector 8, Chandigarh",Sector 8,"Sector 8, Chandigarh",76.7978909,30.740827,"Burger, Fast Food",500,Indian Rupees(Rs.),No,Yes,No,No,2,4.5,Dark Green,Excellent,249
122830,Uncle Jack's,1,Chandigarh,"Booth 11, Sector 8, Chandigarh",Sector 8,"Sector 8, Chandigarh",76.7972148,30.7408896,"Desserts, American",600,Indian Rupees(Rs.),No,No,No,No,2,4,Green,Very Good,356
69024,That Madras Place,1,Chennai,"34/29, 2nd Main Road, Kasturibai Nagar, Adyar, Chennai",Adyar,"Adyar, Chennai",80.250744,13.0058006,"European, Italian, Desserts",800,Indian Rupees(Rs.),Yes,Yes,No,No,2,4.2,Green,Very Good,1810
72475,Haunted,1,Chennai,"273, F13, New Number 71, 2nd Main Road, Anna Nagar East, Chennai",Anna Nagar East,"Anna Nagar East, Chennai",80.2206723,13.0864385,"North Indian, Chinese, Arabian",800,Indian Rupees(Rs.),Yes,Yes,No,No,2,3.8,Yellow,Good,519
70431,Pantry d'or,1,Chennai,"21/11, J Block, 6th Avenue Main Road, Anna Nagar East, Chennai",Anna Nagar East,"Anna Nagar East, Chennai",80.2191037,13.0918088,"Continental, Cafe, Italian, Desserts",750,Indian Rupees(Rs.),Yes,Yes,No,No,2,4.4,Green,Very Good,1504
71443,Palmshore,1,Chennai,"95, Jawaharlal Nehru Salai, Jafferkhanpet, Ashok Nagar, Chennai",Ashok Nagar,"Ashok Nagar, Chennai",80.20881157,13.02977985,"North Indian, Mughlai, Chinese, South Indian",850,Indian Rupees(Rs.),Yes,Yes,No,No,2,4.2,Green,Very Good,841
73088,Chili's,1,Chennai,"49 & 50 L, Express Avenue Mall, White's Road, Royapettah, Chennai","Express Avenue Mall,  Royapettah","Express Avenue Mall,  Royapettah, Chennai",80.264151,13.058616,"Mexican, American, Tex-Mex, Burger",1700,Indian Rupees(Rs.),Yes,Yes,No,No,3,4.8,Dark Green,Excellent,1262
18423075,Writer's Cafe,1,Chennai,"98, Peter's Road, Behind Philip's Service Centre, Gopalapuram, Chennai",Gopalapuram,"Gopalapuram, Chennai",80.25722075,13.05434714,"Cafe, European",450,Indian Rupees(Rs.),No,Yes,No,No,1,4.2,Green,Very Good,191
70890,Fusilli Reasons,1,Chennai,"1/9, Dr. Vasudevan Street, Ormes Road, Kilpauk, Chennai",Kilpauk,"Kilpauk, Chennai",80.24851944,13.08187778,Italian,350,Indian Rupees(Rs.),No,No,No,No,1,4.6,Dark Green,Excellent,1510
71492,Ciclo Cafe,1,Chennai,"47, Gandhi Mandapam Road, Kotturpuram, Chennai",Kotturpuram,"Kotturpuram, Chennai",80.24243889,13.02239444,"Cafe, Continental",1100,Indian Rupees(Rs.),No,No,No,No,3,4.1,Green,Very Good,1004
70092,Kaidi Kitchen,1,Chennai,"20/3, Bishop Wallers Avenue, Mylapore, Chennai",Mylapore,"Mylapore, Chennai",80.26147,13.044694,"Italian, Mexican, Chinese, Thai, North Indian",1500,Indian Rupees(Rs.),Yes,Yes,No,No,3,4,Green,Very Good,1820
70393,Bombay Brasserie,1,Chennai,"3, College Lane, Nungambakkam, Chennai",Nungambakkam,"Nungambakkam, Chennai",80.251865,13.066762,North Indian,1200,Indian Rupees(Rs.),Yes,Yes,No,No,3,4.6,Dark Green,Excellent,1753
70894,Maplai,1,Chennai,"14, Sterling Avenue, Nungambakkam, Chennai",Nungambakkam,"Nungambakkam, Chennai",80.23644167,13.06418056,"South Indian, Chettinad",1000,Indian Rupees(Rs.),Yes,No,No,No,3,4.2,Green,Very Good,1714
73279,Paradise,1,Chennai,"392, Anjali Devi Towers Kandanchavadi, OMR, Perungudi, Chennai",Perungudi,"Perungudi, Chennai",80.24998214,12.97279291,"Biryani, North Indian",900,Indian Rupees(Rs.),No,Yes,No,No,2,3.8,Yellow,Good,1317
69951,L'amandier,1,Chennai,"57, 2nd Main Road, RA Puram, Chennai",RA Puram,"RA Puram, Chennai",80.25479067,13.02701773,"European, Cafe, Italian",1200,Indian Rupees(Rs.),Yes,Yes,No,No,3,4.3,Green,Very Good,1607
72497,Palmshore,1,Chennai,"Plot 8, Park Dugar, Mount Poonamallee High Road, Ramapuram, Chennai",Ramapuram,"Ramapuram, Chennai",80.17456822,13.02627908,"North Indian, Mughlai, Chinese, South Indian",850,Indian Rupees(Rs.),Yes,Yes,No,No,2,4.4,Green,Very Good,645
65413,Palmshore,1,Chennai,"111/108, Santhome High Road, Foreshore Estate, Santhome, Chennai",Santhome,"Santhome, Chennai",80.2752348,13.02628637,"North Indian, Mughlai, Chinese, South Indian",850,Indian Rupees(Rs.),Yes,Yes,No,No,2,4.3,Green,Very Good,742
70497,Basil With A Twist,1,Chennai,"58-A, Habibullah Road, T. Nagar, Chennai",T. Nagar,"T. Nagar, Chennai",80.24226844,13.04964535,"Continental, Cafe, Spanish, Italian, European, Greek, Mediterranean",1500,Indian Rupees(Rs.),Yes,Yes,No,No,3,4.5,Dark Green,Excellent,1210
65055,Barbeque Nation,1,Chennai,"Shri Devi Park Hotel, 1, Hanumantha Road, North Usman Road, T. Nagar, Chennai",T. Nagar,"T. Nagar, Chennai",80.23311,13.045479,"North Indian, Continental",2000,Indian Rupees(Rs.),No,No,No,No,4,4.4,Green,Very Good,3848
18384227,AB's - Absolute Barbecues,1,Chennai,"Velachery Tharamani Link Road, Opposite TCS, Velachery, Chennai",Velachery,"Velachery, Chennai",80.231598,12.981615,"North Indian, European, Mediterranean",1600,Indian Rupees(Rs.),No,No,No,No,3,4.9,Dark Green,Excellent,859
72604,Coal Barbecues,1,Chennai,"17-18, Rajalakshmi Nagar, 7th Cross Street, 100 Feet Bypass Road, Velachery, Chennai",Velachery,"Velachery, Chennai",80.21811381,12.98604688,"North Indian, Mediterranean, Asian, Arabian",1400,Indian Rupees(Rs.),No,No,No,No,3,4.6,Dark Green,Excellent,1267
66457,Pind,1,Chennai,"2, Sarathy Nagar, 1st Main Road, Velachery, Chennai",Velachery,"Velachery, Chennai",80.221898,12.975996,"North Indian, Chinese",900,Indian Rupees(Rs.),Yes,No,No,No,2,4,Green,Very Good,2272
18260777,Kuchi n Kream,1,Coimbatore,"353/1, Hotel Landmark Complex, Bharathiaar Road, Gandhipuram, Coimbatore",Gandhipuram,"Gandhipuram, Coimbatore",76.9720757,11.01629845,"Cafe, Continental, Fast Food",800,Indian Rupees(Rs.),No,Yes,No,No,3,4.6,Dark Green,Excellent,202
3000107,Haribhavanam Hotel,1,Coimbatore,"2, Bharathi Colony, Peelamedu, Coimbatore",Peelamedu,"Peelamedu, Coimbatore",76.995667,11.022477,"South Indian, Chettinad, North Indian",600,Indian Rupees(Rs.),No,No,No,No,2,3.9,Yellow,Good,318
3000132,Kites Cafe,1,Coimbatore,"267, B.R. Puram, Near Royal Enfield Showroom, Avinashi Road, Peelamedu, Coimbatore",Peelamedu,"Peelamedu, Coimbatore",77.015393,11.025083,Cafe,400,Indian Rupees(Rs.),No,Yes,No,No,2,3.8,Yellow,Good,124
3000122,Zucca Pizzeria,1,Coimbatore,"GRG College Road, Opposite Rajasree Ford Showroom, Peelamedu, Coimbatore",Peelamedu,"Peelamedu, Coimbatore",77.00700302,11.02483917,Pizza,600,Indian Rupees(Rs.),No,Yes,No,No,2,3.5,Yellow,Good,274
3001032,Burger Ka Baap,1,Coimbatore,"Avinashi Road, Near PSG College Of Technology, Peelamedu, Coimbatore",Peelamedu,"Peelamedu, Coimbatore",76.99959444,11.02216944,Fast Food,500,Indian Rupees(Rs.),No,No,No,No,2,4.3,Green,Very Good,147
3000021,The Cascade Restaurant,1,Coimbatore,"479-B1, Avinashi Road, Near Suguna Kalyana Mandapam, Peelamedu, Coimbatore",Peelamedu,"Peelamedu, Coimbatore",76.99501667,11.02127778,Chinese,1200,Indian Rupees(Rs.),No,Yes,No,No,3,4.1,Green,Very Good,243
18434000,24 Plus Cafe & Restaurant,1,Coimbatore,"1A, Pollachi Main Road, Eachanari, Podanur, Coimbatore",Podanur,"Podanur, Coimbatore",76.971082,10.96185,"Continental, Fast Food, Desserts, Indian",450,Indian Rupees(Rs.),No,No,No,No,2,3.8,Yellow,Good,24
3000195,Valarmathi Kongunaatu Samayal,1,Coimbatore,"207/A, CSI Compound, Opposite Photo Centre, Race Course, Coimbatore",Race Course,"Race Course, Coimbatore",76.976268,11.001852,"South Indian, Biryani",350,Indian Rupees(Rs.),No,No,No,No,2,4.5,Dark Green,Excellent,380
3000126,Bird On Tree,1,Coimbatore,"28, Opposite Circuit House, Behind HDFC, Race Course, Coimbatore",Race Course,"Race Course, Coimbatore",76.98431119,11.00863836,"Continental, Chinese, Thai, Malaysian, North Indian",1200,Indian Rupees(Rs.),No,No,No,No,3,3.8,Yellow,Good,221
18280306,Tim's Bistro,1,Coimbatore,"156, Race Course Road, Race Course, Coimbatore",Race Course,"Race Course, Coimbatore",76.9754397,11.0030085,"North Indian, Continental",700,Indian Rupees(Rs.),No,Yes,No,No,2,3.9,Yellow,Good,85
3001489,Batlivala & Khanabhoy,1,Coimbatore,"122, 4th Floor, Appusamy Layout, Red Fields, Race Course, Coimbatore",Race Course,"Race Course, Coimbatore",76.98624135,11.00175265,"Parsi, North Indian",1200,Indian Rupees(Rs.),No,No,No,No,3,4.2,Green,Very Good,40
3000770,Cafe Totaram,1,Coimbatore,"245/1, Near Veejay Hall, Raheja Apartment, Race Course, Coimbatore",Race Course,"Race Course, Coimbatore",76.98187642,11.00076241,"Cafe, Fast Food",600,Indian Rupees(Rs.),No,Yes,No,No,2,4,Green,Very Good,132
3000062,Cream Centre,1,Coimbatore,"128/180, Orbit Avenue, Thirugnanasambandam Road, Opposite Bishop Appasamy College, Gopalapuram, Race Course, Coimbatore",Race Course,"Race Course, Coimbatore",76.97649444,11.00366944,"North Indian, Chinese, Italian, Mexican",1000,Indian Rupees(Rs.),No,No,No,No,3,4,Green,Very Good,203
3000016,On The Go,1,Coimbatore,"167, Race Course Road, Gopalapuram, Race Course, Coimbatore",Race Course,"Race Course, Coimbatore",76.975525,11.00368056,"Italian, North Indian, Desserts",1500,Indian Rupees(Rs.),No,No,No,No,4,4,Green,Very Good,215
3000014,Sree Annapoorna,1,Coimbatore,"75, East Arokiasamy Road, RS Puram, Coimbatore",RS Puram,"RS Puram, Coimbatore",76.95173611,11.00668611,"South Indian, North Indian, Chinese",400,Indian Rupees(Rs.),No,No,No,No,2,4.3,Green,Very Good,225
3000001,That's Y Food,1,Coimbatore,"24/49, TV Swamy Road East, Opposite Emeral Building, RS Puram, Coimbatore",RS Puram,"RS Puram, Coimbatore",76.95295,11.010375,"North Indian, Biryani",1400,Indian Rupees(Rs.),No,No,No,No,3,4.2,Green,Very Good,299
3001321,CakeBee,1,Coimbatore,"6/1, SRP Nagar, Saibaba Colony, Coimbatore",Saibaba Colony,"Saibaba Colony, Coimbatore",76.94465239,11.02611735,"Bakery, Desserts",350,Indian Rupees(Rs.),No,Yes,No,No,2,4.9,Dark Green,Excellent,200
3000996,Yari,1,Coimbatore,"69, Bharathi Park, 6th Cross, Saibaba Colony, Coimbatore",Saibaba Colony,"Saibaba Colony, Coimbatore",76.940432,11.02091,"North Indian, Chinese, Street Food",700,Indian Rupees(Rs.),No,No,No,No,2,4.2,Green,Very Good,221
3001065,Cream Stone,1,Coimbatore,"Creamstone , 1335, Avinashi Road, Opposite Bharath Petrol Bunk, Peelamedu, Coimbatore","SMS Hotel, Peelamedu","SMS Hotel, Peelamedu, Coimbatore",76.9983492,11.02229761,"Desserts, Ice Cream",300,Indian Rupees(Rs.),No,No,No,No,1,4.3,Green,Very Good,161
3000048,Barbeque Nation,1,Coimbatore,"6th Floor, Metro Park Inn, 1000, Raja Street, Near Clock Tower, Town Hall, Coimbatore",Town Hall,"Town Hall, Coimbatore",76.96330278,10.99413611,"North Indian, European, Mediterranean",1400,Indian Rupees(Rs.),No,No,No,No,3,4.4,Green,Very Good,505
3500012,The Punjabi Essence Restaurant,1,Dehradun,"27 B, Near Premier Plaza, Rajpur Road, Chukkuwala, Dehradun",Chukkuwala,"Chukkuwala, Dehradun",0,0,"North Indian, Chinese",800,Indian Rupees(Rs.),No,No,No,No,3,3.6,Yellow,Good,102
3500007,Tirupati Restaurant,1,Dehradun,"27 B, Rajpur Road, Opposite St. Joseph's Academy, Chukkuwala, Dehradun",Chukkuwala,"Chukkuwala, Dehradun",0,0,"South Indian, North Indian, Chinese",500,Indian Rupees(Rs.),No,No,No,No,3,3.8,Yellow,Good,115
3500017,Anandam,1,Dehradun,"69, Krishna Tower, Rajpur Road, Hathibarkala Salwala, Dehradun",Hathibarkala Salwala,"Hathibarkala Salwala, Dehradun",78.053162,30.335259,"Desserts, North Indian, Chinese, South Indian, Fast Food, Street Food",650,Indian Rupees(Rs.),No,No,No,No,3,3.9,Yellow,Good,141
3500018,Town Table Restaurant,1,Dehradun,"101, Rajpur Road, Hathibarkala Salwala, Dehradun",Hathibarkala Salwala,"Hathibarkala Salwala, Dehradun",78.060221,30.340722,"North Indian, Chinese, Continental",1000,Indian Rupees(Rs.),No,No,No,No,4,3.9,Yellow,Good,173
3500011,Kalsang Friends Corner,1,Dehradun,"88 A, Opposite Osho, Chander Lok Colony, Rajpur Road, Hathibarkala Salwala, Dehradun",Hathibarkala Salwala,"Hathibarkala Salwala, Dehradun",78.062543,30.346994,"Chinese, Thai, Tibetan",750,Indian Rupees(Rs.),No,No,No,No,3,4.2,Green,Very Good,406
18416632,The Great Indian Pub,1,Dehradun,"138/345, Rajpur Road, Jakhan, Dehradun",Jakhan,"Jakhan, Dehradun",78.06802238,30.36128079,North Indian,1500,Indian Rupees(Rs.),No,No,No,No,4,4.9,Dark Green,Excellent,50
18279289,BMG - All Day Dining,1,Dehradun,"140 A, Rajpur Road, Jakhan, Dehradun",Jakhan,"Jakhan, Dehradun",78.06888981,30.36268594,"Chinese, North Indian, Fast Food",0,Indian Rupees(Rs.),No,No,No,No,1,4.3,Green,Very Good,63
18408585,Punjab Grill,1,Dehradun,"Rajpur Road, Jakhan, Dehradun",Jakhan,"Jakhan, Dehradun",78.067079,30.359722,"Mughlai, North Indian",1250,Indian Rupees(Rs.),No,No,No,No,4,4,Green,Very Good,98
3500059,TBistro,1,Dehradun,"Saina Inn, 3, Old Survey Road, Karanpur, Dehradun",Karanpur,"Karanpur, Dehradun",78.054222,30.332735,"North Indian, Chinese",550,Indian Rupees(Rs.),No,No,No,No,3,3.8,Yellow,Good,230
3500081,Y Cafe & Restaurant,1,Dehradun,"Hotel White House, Behind St. Joseph's Academy, Subhash Road, Karanpur, Dehradun",Karanpur,"Karanpur, Dehradun",78.049117,30.328174,Cafe,500,Indian Rupees(Rs.),No,No,No,No,3,4,Green,Very Good,94
17971273,Eddie's Patisserie,1,Dehradun,"102 Yamuna Colony, Above Punjab National Bank, Chakrata Road, Dehradun",Krishna Nagar,"Krishna Nagar, Dehradun",0,0,Bakery,350,Indian Rupees(Rs.),No,No,No,No,2,4.1,Green,Very Good,64
3500365,First Gear Cafe,1,Dehradun,"Khala Gaon, Near Shiv Mandir, Malsi, Dehradun",Malsi,"Malsi, Dehradun",0,0,"Cafe, Chinese",700,Indian Rupees(Rs.),No,No,No,No,3,3.9,Yellow,Good,131
3500013,Dunkin Donuts,1,Dehradun,"UG 03, Pacific Mall, Rajpur Road, Jakhan, Dehradun","Pacific Mall, Jakhan","Pacific Mall, Jakhan, Dehradun",78.070453,30.366322,"Burger, Desserts",600,Indian Rupees(Rs.),No,No,No,No,3,3.9,Yellow,Good,101
3500024,Doon Darbar,1,Dehradun,"43, Gandhi Road, Paltan Bazaar, Dehradun",Paltan Bazaar,"Paltan Bazaar, Dehradun",78.04026667,30.31952778,"North Indian, Mughlai",600,Indian Rupees(Rs.),No,No,No,No,3,3.9,Yellow,Good,121
3500488,Razzmatazz,1,Dehradun,"5, Pritam Road, Dalanwala, Near Race Course, Dehradun",Race Course,"Race Course, Dehradun",0,0,Cafe,400,Indian Rupees(Rs.),No,No,No,No,2,3.9,Yellow,Good,39
3500505,Barbeque Nation,1,Dehradun,"Chaudhary Plaza, Rajpur Road, Rajpur, Dehradun",Rajpur,"Rajpur, Dehradun",78.061187,30.3425093,"North Indian, Mediterranean, Asian, Chinese",1600,Indian Rupees(Rs.),No,No,No,No,4,4.4,Green,Very Good,66
3500010,Black Pepper Restaurant,1,Dehradun,"3, Astley Hall, Rajpur Road, Rajpur, Dehradun",Rajpur,"Rajpur, Dehradun",78.046106,30.327968,"North Indian, Chinese",1200,Indian Rupees(Rs.),No,No,No,No,4,4,Green,Very Good,175
3500414,Cafe Marigold,1,Dehradun,"Near Shehanshahi Ashram, Old Mussorie Road, Rajpur, Dehradun",Rajpur,"Rajpur, Dehradun",0,0,"Cafe, Chinese, Fast Food",500,Indian Rupees(Rs.),No,No,No,No,3,4.1,Green,Very Good,104
18440677,Jalapenos,1,Dehradun,"Mussourie Diversion, Pacific Hills,Rajpur Road, Rajpur, Dehradun",Rajpur,"Rajpur, Dehradun",78.07715102,30.37220198,"Cafe, Mexican",500,Indian Rupees(Rs.),No,No,No,No,3,4.2,Green,Very Good,68
3500484,Kalsang AMA Cafe,1,Dehradun,"88, Opposite Osho, Chander Lok Colony, Rajpur Road, Rajpur, Dehradun",Rajpur,"Rajpur, Dehradun",0,0,Cafe,600,Indian Rupees(Rs.),No,No,No,No,3,4.2,Green,Very Good,89
301728,Desire Foods,1,Faridabad,"G 25/22, Main Road, 40 Feet, Molarband Extension, Badarpur Border, Faridabad",Badarpur Border,"Badarpur Border, Faridabad",77.3066401,28.4900591,"Chinese, Fast Food, Bakery",250,Indian Rupees(Rs.),No,No,No,No,1,2.9,Orange,Average,4
5992,Knight Rock,1,Faridabad,"11/6, Delhi Mathura Road, Near Bharat Petrol Pump, Badarpur Border, Faridabad",Badarpur Border,"Badarpur Border, Faridabad",77.304776,28.4901567,"North Indian, Chinese",500,Indian Rupees(Rs.),No,No,No,No,2,2.8,Orange,Average,16
301730,Punjab Restaurant,1,Faridabad,"Main 40 Feet Road, Molarband Extension, Badarpur Border, Faridabad",Badarpur Border,"Badarpur Border, Faridabad",77.305563,28.4901368,North Indian,150,Indian Rupees(Rs.),No,No,No,No,1,2.8,Orange,Average,8
301729,Raju Dhaba,1,Faridabad,"Main 40 Feet Road, Molarband Extension, Badarpur Border, Faridabad",Badarpur Border,"Badarpur Border, Faridabad",77.3061016,28.4900979,North Indian,150,Indian Rupees(Rs.),No,No,No,No,1,2.9,Orange,Average,8
301731,Rakheja Bakery,1,Faridabad,"Main 40 Feet Road, Molarband Extension, Badarpur Border, Faridabad",Badarpur Border,"Badarpur Border, Faridabad",77.3057446,28.490062,Bakery,100,Indian Rupees(Rs.),No,No,No,No,1,2.8,Orange,Average,7
311053,Snax Points,1,Faridabad,"A-68/5, Near Mehra Petrol Pump, Main Tajpur Road, Badarpur Border, Faridabad",Badarpur Border,"Badarpur Border, Faridabad",77.3053835,28.4901198,"Chinese, North Indian, Fast Food",300,Indian Rupees(Rs.),No,No,No,No,1,3,Orange,Average,4
9299,Aggarwal Sweet Corner,1,Faridabad,"Badarpur Border Chowk Post, Badarpur Border, Faridabad",Badarpur Border,"Badarpur Border, Faridabad",77.30274167,28.49629167,Mithai,100,Indian Rupees(Rs.),No,No,No,No,1,0,White,Not rated,1
9178,Kashyap Vaishno Dhaba,1,Faridabad,"Near Seble Cinema, Dharamveer Market, Badarpur Border, Faridabad",Badarpur Border,"Badarpur Border, Faridabad",77.303542,28.4959154,North Indian,100,Indian Rupees(Rs.),No,No,No,No,1,0,White,Not rated,3
18477319,Total Food Court,1,Faridabad,"B-222, Shishram Complex, Main Market, Badarpur Border, Faridabad",Badarpur Border,"Badarpur Border, Faridabad",0,0,"North Indian, Mughlai, Chinese",400,Indian Rupees(Rs.),No,No,No,No,1,0,White,Not rated,3
18433852,The Chaiwalas,1,Faridabad,"Sector 21 A, Asian Hospital, Badhkal Chowk, Badkal Lake, Faridabad",Badkal Lake,"Badkal Lake, Faridabad",77.3000877,28.4262842,Cafe,300,Indian Rupees(Rs.),No,No,No,No,1,0,White,Not rated,0
304046,Cafe And More,1,Faridabad,"UGF 22, Charmwood Plaza, Eros Garden, Charmwood Village, Faridabad",Charmwood Village,"Charmwood Village, Faridabad",77.2905651,28.4946638,"Fast Food, North Indian",300,Indian Rupees(Rs.),No,No,No,No,1,2.9,Orange,Average,4
309936,Green Chick Chop,1,Faridabad,"UG 58, Charmwood Plaza, Eros Garden Colony, Suraj Kund Road, Charmwood Village, Faridabad",Charmwood Village,"Charmwood Village, Faridabad",77.2905276,28.4946804,"Raw Meats, North Indian, Fast Food",350,Indian Rupees(Rs.),No,No,No,No,1,3,Orange,Average,7
309927,Kolkata Hot Kathi Rolls,1,Faridabad,"Deepak Complex, Near Eros Garden, Charmwood Village, Faridabad",Charmwood Village,"Charmwood Village, Faridabad",77.2918292,28.4922473,"Fast Food, Chinese",300,Indian Rupees(Rs.),No,No,No,No,1,2.9,Orange,Average,11
18377449,Aapki Rasoi,1,Faridabad,"HR-227, 60 Feet Road, Pul Pehlad Pur, Charmwood Village, Faridabad",Charmwood Village,"Charmwood Village, Faridabad",77.2918292,28.4990636,North Indian,200,Indian Rupees(Rs.),No,No,No,No,1,0,White,Not rated,1
18465871,Fusion Food Corner,1,Faridabad,"158/7, Opposite DDA Flat, Pul Pehlad Pur, Charmwood Village, Faridabad",Charmwood Village,"Charmwood Village, Faridabad",0,0,"North Indian, Chinese",300,Indian Rupees(Rs.),No,No,No,No,1,0,White,Not rated,0
18472646,Punjabi Rasoi,1,Faridabad,"1, Deepak Complex, Eros Charmwood Village, Faridabad",Charmwood Village,"Charmwood Village, Faridabad",77.292431,28.4923251,North Indian,400,Indian Rupees(Rs.),No,No,No,No,1,0,White,Not rated,0
18037826,Kebab Xpress,1,Faridabad,"Shop 23-24, 2nd Floor, Crown Interiorz Mall, Sector 35, Faridabad","Crown Interiorz Mall, Sector 35, Faridabad","Crown Interiorz Mall, Sector 35, Faridabad, Faridabad",77.3074479,28.4698631,"North Indian, Mughlai",600,Indian Rupees(Rs.),No,Yes,No,No,2,2.8,Orange,Average,49
301163,McDonald's,1,Faridabad,"12/7, 2nd Floor, Crown Interiorz Mall, Sector 35, Faridabad","Crown Interiorz Mall, Sector 35, Faridabad","Crown Interiorz Mall, Sector 35, Faridabad, Faridabad",77.3074479,28.4695043,"Fast Food, Burger",500,Indian Rupees(Rs.),No,No,No,No,2,3.4,Orange,Average,58
4931,Suruchi,1,Faridabad,"29, 2nd Floor, Crown Interiorz Mall, Sector 35, Faridabad","Crown Interiorz Mall, Sector 35, Faridabad","Crown Interiorz Mall, Sector 35, Faridabad, Faridabad",77.3074479,28.4701322,"North Indian, South Indian, Gujarati, Rajasthani",700,Indian Rupees(Rs.),No,No,No,No,2,3.4,Orange,Average,233
1804,Berco's,1,Faridabad,"Shop R-2, 3rd Floor, Crown Interiorz Mall, Sector 35, Faridabad","Crown Interiorz Mall, Sector 35, Faridabad","Crown Interiorz Mall, Sector 35, Faridabad, Faridabad",77.3072684,28.4700256,"Chinese, Thai",1100,Indian Rupees(Rs.),No,Yes,No,No,3,3.8,Yellow,Good,508
312102,Dunkin' Donuts,1,Faridabad,"3, 2nd Floor, Crown Interiorz Mall, Near Toll Bridge, Sector 35, Faridabad","Crown Interiorz Mall, Sector 35, Faridabad","Crown Interiorz Mall, Sector 35, Faridabad, Faridabad",77.3074031,28.4693655,"Burger, Desserts, Fast Food",600,Indian Rupees(Rs.),No,Yes,No,No,2,3.6,Yellow,Good,98
18217857,The Chocolate Room,1,Faridabad,"10, 2nd Floor, Crown Interiorz Mall, Sector 35, Faridabad","Crown Interiorz Mall, Sector 35, Faridabad","Crown Interiorz Mall, Sector 35, Faridabad, Faridabad",77.3074031,28.4693655,"Cafe, Desserts",900,Indian Rupees(Rs.),No,Yes,No,No,2,3.6,Yellow,Good,59
18471268,Baskin Robbin,1,Faridabad,"Ground Floor, Crown Interiorz Mall, Sector 35, Faridabad","Crown Interiorz Mall, Sector 35, Faridabad","Crown Interiorz Mall, Sector 35, Faridabad, Faridabad",77.3074479,28.469594,Desserts,300,Indian Rupees(Rs.),No,No,No,No,1,0,White,Not rated,0
18381244,Popcorn Fusion,1,Faridabad,"Crown Interiorz Mall, Sector 35, Faridabad","Crown Interiorz Mall, Sector 35, Faridabad","Crown Interiorz Mall, Sector 35, Faridabad, Faridabad",77.3074031,28.4693655,Fast Food,200,Indian Rupees(Rs.),No,No,No,No,1,0,White,Not rated,1
18408041,Subway,1,Faridabad,"SF 25, 2nd Floor, Sector 35, Faridabad","Crown Interiorz Mall, Sector 35, Faridabad","Crown Interiorz Mall, Sector 35, Faridabad, Faridabad",77.3074928,28.4700019,"American, Fast Food, Salad, Healthy Food",500,Indian Rupees(Rs.),No,No,No,No,2,0,White,Not rated,2
311051,KFC,1,Faridabad,"Shops 21-22, 2nd Floor, Crown Interiorz Mall, Sector 35, Faridabad","Crown Interiorz Mall, Sector 35, Faridabad","Crown Interiorz Mall, Sector 35, Faridabad, Faridabad",77.30706006,28.46980656,"American, Fast Food, Burger",500,Indian Rupees(Rs.),No,Yes,No,No,2,2.1,Red,Poor,57
18133510,Barbeque Nation,1,Faridabad,"2nd Floor, Crown Interiorz Mall, Sector 35, Faridabad","Crown Interiorz Mall, Sector 35, Faridabad","Crown Interiorz Mall, Sector 35, Faridabad, Faridabad",77.3073785,28.4698629,North Indian,1600,Indian Rupees(Rs.),No,No,No,No,3,4,Green,Very Good,299
308380,Yo! China,1,Faridabad,"S-2, 2nd Floor, Crown Interiorz Mall, Sector 35, Faridabad","Crown Interiorz Mall, Sector 35, Faridabad","Crown Interiorz Mall, Sector 35, Faridabad, Faridabad",77.3074031,28.4693655,Chinese,1300,Indian Rupees(Rs.),No,Yes,No,No,3,4.1,Green,Very Good,239
6077,Giani's,1,Faridabad,"Food Court, Crown Plaza Mall, Sector 15-A,  Near, Sector 15, Faridabad","Crown Plaza Mall, Sector 15, Faridabad","Crown Plaza Mall, Sector 15, Faridabad, Faridabad",77.3130127,28.3980691,"Ice Cream, Desserts",400,Indian Rupees(Rs.),No,No,No,No,1,3.2,Orange,Average,16
308082,Momo-Cha,1,Faridabad,"Crown Plaza Mall, Sector 15, Faridabad","Crown Plaza Mall, Sector 15, Faridabad","Crown Plaza Mall, Sector 15, Faridabad, Faridabad",77.3130127,28.3979794,Fast Food,200,Indian Rupees(Rs.),No,Yes,No,No,1,2.7,Orange,Average,16
309558,Shree Rathnam,1,Faridabad,"LG-28, Crown Plaza Mall, Sector 15-A, Sector 15, Faridabad","Crown Plaza Mall, Sector 15, Faridabad","Crown Plaza Mall, Sector 15, Faridabad, Faridabad",77.3128332,28.397424,"South Indian, North Indian, Chinese",800,Indian Rupees(Rs.),No,Yes,No,No,2,3.4,Orange,Average,48
8128,Mirage Restro Bar,1,Faridabad,"2nd Floor, Crown Plaza Mall, Sector 15-A, Sector 15, Faridabad","Crown Plaza Mall, Sector 15, Faridabad","Crown Plaza Mall, Sector 15, Faridabad, Faridabad",77.3131025,28.3978083,"North Indian, Mughlai",1000,Indian Rupees(Rs.),Yes,No,No,No,3,2.4,Red,Poor,25
304062,Jai Jagannath Hotel,1,Faridabad,"E 51, Shiv Durga Vihar, Dayal Bagh, Faridabad",Dayal Bagh,"Dayal Bagh, Faridabad",77.294319,28.4937692,South Indian,200,Indian Rupees(Rs.),No,No,No,No,1,0,White,Not rated,3
9785,Gelato Vinto,1,Faridabad,"40 GF, Eldeco Station 1 Mall, Sector 12, Faridabad","Eldeco Station 1 Mall, Sector 12, Faridabad","Eldeco Station 1 Mall, Sector 12, Faridabad, Faridabad",77.3139102,28.3868454,"Desserts, Ice Cream",250,Indian Rupees(Rs.),No,No,No,No,1,2.8,Orange,Average,12
312514,Maggi Point,1,Faridabad,"F-46 A, 1st Floor, Eldeco Mall, Sector 12, Faridabad","Eldeco Station 1 Mall, Sector 12, Faridabad","Eldeco Station 1 Mall, Sector 12, Faridabad, Faridabad",77.3140449,28.3869029,Fast Food,200,Indian Rupees(Rs.),No,No,No,No,1,0,White,Not rated,2
308961,Angaar,1,Faridabad,"Hotel Saffron Kiran, 12/6, Adjacent to Badarpur Toll, NH-2, Sector 35, Faridabad","Hotel Saffron Kiran, Faridabad","Hotel Saffron Kiran, Faridabad, Faridabad",77.3056977,28.4719854,"North Indian, Chinese",1200,Indian Rupees(Rs.),Yes,No,No,No,3,0,White,Not rated,0
308963,TcozY,1,Faridabad,"Hotel Saffron Kiran, 12/6, Adjacent to Badarpur Toll, NH-2, Sector 35, Faridabad","Hotel Saffron Kiran, Faridabad","Hotel Saffron Kiran, Faridabad, Faridabad",77.3066401,28.4722089,Cafe,1500,Indian Rupees(Rs.),No,No,No,No,3,0,White,Not rated,0
308962,The Retriever,1,Faridabad,"Hotel Saffron Kiran, 12/6, Adjacent to Badarpur Toll, NH-2, Sector 35, Faridabad","Hotel Saffron Kiran, Faridabad","Hotel Saffron Kiran, Faridabad, Faridabad",77.3062507,28.4723428,"North Indian, Mughlai, Chinese",1500,Indian Rupees(Rs.),Yes,No,No,No,3,0,White,Not rated,0
8169,Bangali Sweets & Restaurant,1,Faridabad,"6, Plot 17, New DLF, Indraprastha Colony, Faridabad",Indraprastha Colony,"Indraprastha Colony, Faridabad",77.3153578,28.4534629,Mithai,100,Indian Rupees(Rs.),No,No,No,No,1,0,White,Not rated,2
309368,Silver,1,Faridabad,"K Hotel, Plot 2, Behind Pristine Mall, Sector 31, Faridabad",K Hotel,"K Hotel, Faridabad",77.316429,28.446715,"North Indian, Chinese, Continental",1500,Indian Rupees(Rs.),Yes,No,No,No,3,0,White,Not rated,3
18472429,Chill 'N Grill,1,Faridabad,"3C-188, Opposite Bharat Optical, NIT, Faridabad",NIT,"NIT, Faridabad",77.2900667,28.3954463,North Indian,300,Indian Rupees(Rs.),No,No,No,No,1,0,White,Not rated,0
18472418,Punjabi Restaurant,1,Faridabad,"3F/49, Sainik Colony Road, NIT, Faridabad",NIT,"NIT, Faridabad",77.2874809,28.3939512,"North Indian, Mughlai",500,Indian Rupees(Rs.),No,No,No,No,2,0,White,Not rated,0
18472426,Standard Chicken Point,1,Faridabad,"3F/90, Sainik Colony Road, NIT Faridabad",NIT,"NIT, Faridabad",77.2875524,28.3940171,Mughlai,500,Indian Rupees(Rs.),No,No,No,No,2,0,White,Not rated,0
18450934,The Grillz & Gravy,1,Faridabad,"3G/1, NIT, Faridabad",NIT,"NIT, Faridabad",77.2922781,28.3982684,"North Indian, Chinese",400,Indian Rupees(Rs.),No,No,No,No,1,0,White,Not rated,0
6025,Cakes 'n Bakes - Park Plaza,1,Faridabad,"Park Plaza, Sector 21 C, Sector 21, Faridabad","Park Plaza, Sector 21, Faridabad","Park Plaza, Sector 21, Faridabad, Faridabad",77.2969459,28.4292178,Bakery,1000,Indian Rupees(Rs.),No,No,No,No,3,3,Orange,Average,15
6013,Cafe Bite,1,Faridabad,"UGF 35, Parsvanath City Mall, Sector 12, Faridabad","Parsavnath City Mall, Sector 12, Faridabad","Parsavnath City Mall, Sector 12, Faridabad, Faridabad",77.3144487,28.383665,Cafe,500,Indian Rupees(Rs.),No,No,No,No,2,3.2,Orange,Average,19
8153,Cafe Light,1,Faridabad,"Shop 38, Upper Ground Floor, Parsvnath City Mall, Sector 12, Faridabad","Parsavnath City Mall, Sector 12, Faridabad","Parsavnath City Mall, Sector 12, Faridabad, Faridabad",77.3144877,28.3837046,"Cafe, Chinese, Fast Food",500,Indian Rupees(Rs.),No,No,No,No,2,2.8,Orange,Average,8
18471296,Little Cafe,1,Faridabad,"Shop 32, Upper Ground Floor, Parsvnath City Mall, Sector 12, Faridabad","Parsavnath City Mall, Sector 12, Faridabad","Parsavnath City Mall, Sector 12, Faridabad, Faridabad",77.3145373,28.3836738,"Fast Food, Beverages",300,Indian Rupees(Rs.),No,No,No,No,1,0,White,Not rated,0
18279477,Momo-Cha,1,Faridabad,"J-121, Near Lean Wolf Gym, Sector 10, Faridabad",Sector 10,"Sector 10, Faridabad",77.3291609,28.3754863,"North Indian, Chinese",450,Indian Rupees(Rs.),No,No,No,No,1,2.8,Orange,Average,20
18359331,Oregano India,1,Faridabad,"Shop 2661, Sector 7-10 Market, YMCA Road, Sector 10, Faridabad",Sector 10,"Sector 10, Faridabad",77.3266079,28.3689797,"Fast Food, Chinese, Italian",500,Indian Rupees(Rs.),No,No,No,No,2,3.1,Orange,Average,11
301151,Sagar Bakery,1,Faridabad,"938, 7-10 Chowk, YMCA Road, Sector 10, Faridabad",Sector 10,"Sector 10, Faridabad",77.3270132,28.3692291,Bakery,150,Indian Rupees(Rs.),No,No,No,No,1,3,Orange,Average,11
18204479,Smugglers,1,Faridabad,"Near Big Bus, Sector 9-10 Road, Sector 10, Faridabad",Sector 10,"Sector 10, Faridabad",77.329628,28.3702087,North Indian,450,Indian Rupees(Rs.),No,Yes,No,No,1,3.1,Orange,Average,7
2198,Welcome,1,Faridabad,"J140, Sector 10, Faridabad",Sector 10,"Sector 10, Faridabad",77.3288978,28.3777541,"North Indian, Chinese",700,Indian Rupees(Rs.),Yes,No,No,No,2,2.9,Orange,Average,13
18434243,Giani's,1,Faridabad,"Sector 10, Faridabad",Sector 10,"Sector 10, Faridabad",77.3270132,28.3692291,"Ice Cream, Desserts",400,Indian Rupees(Rs.),No,No,No,No,1,0,White,Not rated,0
18273628,Invitation,1,Faridabad,"Invitation Inn Banquet & Rooms, DLF Sector 10, Faridabad",Sector 10,"Sector 10, Faridabad",0,0,North Indian,700,Indian Rupees(Rs.),No,No,No,No,2,0,White,Not rated,3
18471262,New Dilight,1,Faridabad,"H - 147, Sector 10, Faridabad",Sector 10,"Sector 10, Faridabad",77.3295018,28.3730138,"North Indian, Mughlai, Chinese",500,Indian Rupees(Rs.),No,No,No,No,2,0,White,Not rated,0
18258480,Chimney,1,Faridabad,"SCF 9, Near Bank of India, Sector 11, Faridabad",Sector 11,"Sector 11, Faridabad",77.319026,28.3725172,"North Indian, Mughlai, Chinese",800,Indian Rupees(Rs.),Yes,Yes,No,No,2,3.3,Orange,Average,25
9698,Chopstick,1,Faridabad,"Booth 15, Sector 11, Faridabad",Sector 11,"Sector 11, Faridabad",77.3185858,28.371835,Chinese,300,Indian Rupees(Rs.),No,No,No,No,1,3,Orange,Average,22
8326,Hot & Tasty Chinese Food,1,Faridabad,"18, DLF Market, Sector 11, Faridabad",Sector 11,"Sector 11, Faridabad",77.3184832,28.3719511,"North Indian, Chinese",450,Indian Rupees(Rs.),No,No,No,No,1,2.6,Orange,Average,26
18270379,Sanjha Chulha,1,Faridabad,"Plot 1-A, Sector 11-D, Sector 11, Faridabad",Sector 11,"Sector 11, Faridabad",77.32157,28.3692881,"North Indian, Mughlai",700,Indian Rupees(Rs.),No,Yes,No,No,2,2.9,Orange,Average,16
304006,Frontier,1,Faridabad,"Ground Floor, Parsvnath CIty Mall, Sector 12, Faridabad",Sector 12,"Sector 12, Faridabad",77.31429167,28.38339444,Bakery,200,Indian Rupees(Rs.),No,No,No,No,1,2.9,Orange,Average,7
308957,Oxy Lounge,1,Faridabad,"Town Park, Opposite District Court, Sector 12, Faridabad",Sector 12,"Sector 12, Faridabad",77.3244365,28.384502,"North Indian, Chinese, Italian",1500,Indian Rupees(Rs.),Yes,Yes,No,No,3,3.1,Orange,Average,28
18427216,City Dhaba,1,Faridabad,"11-12 Dividing Road, Sector 12, Faridabad",Sector 12,"Sector 12, Faridabad",77.3144456,28.3811924,"North Indian, Chinese",550,Indian Rupees(Rs.),No,No,No,No,2,0,White,Not rated,0
18433315,Garam Masala,1,Faridabad,"Plot 6, Bata Chowk, BIryaniwali Gali, Sector 12, Faridabad",Sector 12,"Sector 12, Faridabad",0,0,"North Indian, Chinese",400,Indian Rupees(Rs.),No,No,No,No,1,0,White,Not rated,0
8266,Mittal Fast Food,1,Faridabad,"10, Town Park, Sector 12, Faridabad",Sector 12,"Sector 12, Faridabad",77.32425,28.38471389,Fast Food,100,Indian Rupees(Rs.),No,No,No,No,1,0,White,Not rated,0
18383469,Al Bake,1,Faridabad,"SCF 58, Ground Floor, Sector 15, Faridabad",Sector 15,"Sector 15, Faridabad",77.3229299,28.395009,"North Indian, Chinese",600,Indian Rupees(Rs.),No,Yes,No,No,2,3.2,Orange,Average,31
1367,Anupam Sweet,1,Faridabad,"SCF 74, Sector 15 Market, Sector 15, Faridabad",Sector 15,"Sector 15, Faridabad",77.3222568,28.3949008,"North Indian, South Indian, Chinese, Fast Food, Mithai",400,Indian Rupees(Rs.),No,No,No,No,1,3.4,Orange,Average,70
9650,Cafe Coffee Day,1,Faridabad,"SCF 42, Shopping Centre, Main Huda Market, Sector 15, Faridabad",Sector 15,"Sector 15, Faridabad",77.3236112,28.3952671,Cafe,450,Indian Rupees(Rs.),No,No,No,No,1,3.3,Orange,Average,67
308335,Chicago Pizza,1,Faridabad,"Booth Number 135, Main Market, Sector 15, Faridabad",Sector 15,"Sector 15, Faridabad",77.3217184,28.3950296,Pizza,600,Indian Rupees(Rs.),No,No,No,No,2,2.7,Orange,Average,35
18391065,Crispy Crust,1,Faridabad,"Shop 19, HUDA Market, Opposite Mother Dairy, Sector 15, Faridabad",Sector 15,"Sector 15, Faridabad",77.3241683,28.3950992,"North Indian, Chinese, Fast Food",500,Indian Rupees(Rs.),No,Yes,No,No,2,3.4,Orange,Average,22
301193,Frontier,1,Faridabad,"SCO 46, Main Market, Sector 15, Faridabad",Sector 15,"Sector 15, Faridabad",77.3235114,28.3951274,Bakery,200,Indian Rupees(Rs.),No,No,No,No,1,3.3,Orange,Average,17
18107832,Gulab,1,Faridabad,"Shop 33, Main Market, Sector 15, Faridabad",Sector 15,"Sector 15, Faridabad",77.3239437,28.3952906,"North Indian, South Indian, Fast Food, Street Food, Mithai",600,Indian Rupees(Rs.),No,Yes,No,No,2,2.6,Orange,Average,39
18089254,Hunger Cure Express,1,Faridabad,"HUDA Market, Sector 15, Faridabad",Sector 15,"Sector 15, Faridabad",77.3217312,28.3946937,"Fast Food, Beverages",500,Indian Rupees(Rs.),No,No,No,No,2,3.3,Orange,Average,35
312981,Maitre Patissier,1,Faridabad,"697, Sector 15, Faridabad",Sector 15,"Sector 15, Faridabad",0,0,Bakery,500,Indian Rupees(Rs.),No,No,No,No,2,3.4,Orange,Average,35
18082235,Momo-Cha,1,Faridabad,"87, Near City Chemist, Sector 15, Faridabad",Sector 15,"Sector 15, Faridabad",77.3224363,28.3951869,"Chinese, Fast Food",400,Indian Rupees(Rs.),No,No,No,No,1,2.7,Orange,Average,32
18138421,Nirula's,1,Faridabad,"135, Lower Ground Floor, HUDA Market, Sector 15, Faridabad",Sector 15,"Sector 15, Faridabad",77.292179,28.452631,"Fast Food, Desserts, Ice Cream, Beverages",950,Indian Rupees(Rs.),No,No,No,No,2,2.6,Orange,Average,14
18421965,The Grub House,1,Faridabad,"SCF 55, Main Market, Sector 15, Faridabad",Sector 15,"Sector 15, Faridabad",77.323244,28.3950834,"Cafe, North Indian, Chinese, Continental",600,Indian Rupees(Rs.),No,No,No,No,2,2.7,Orange,Average,17
303267,Twenty Four Seven,1,Faridabad,"A-45/49, Sector 15, Faridabad",Sector 15,"Sector 15, Faridabad",77.3234608,28.3950913,"Fast Food, North Indian",300,Indian Rupees(Rs.),No,No,No,No,1,3.4,Orange,Average,35
7471,Cafe Parmesan,1,Faridabad,"42, 1st Floor, HUDA Market, Sector 15, Faridabad",Sector 15,"Sector 15, Faridabad",77.3236479,28.3950766,Italian,1000,Indian Rupees(Rs.),No,No,No,No,3,4.5,Dark Green,Excellent,799
18219542,Briosca,1,Faridabad,"Shop 45, Main Market, Sector 15, Faridabad",Sector 15,"Sector 15, Faridabad",77.3234235,28.3952798,"Bakery, Fast Food",400,Indian Rupees(Rs.),No,Yes,No,No,1,3.6,Yellow,Good,62
18355112,Burger Point,1,Faridabad,"Shop 105, Sector 15, Faridabad",Sector 15,"Sector 15, Faridabad",77.3220773,28.3949736,"Burger, Fast Food",300,Indian Rupees(Rs.),No,Yes,No,No,1,3.5,Yellow,Good,24
18270895,Cafe Grub Up,1,Faridabad,"SCF 43, 2nd Floor, Main Market, Sector 15, Faridabad",Sector 15,"Sector 15, Faridabad",77.3235233,28.395196,"Cafe, American, Mexican, Italian, Thai",900,Indian Rupees(Rs.),Yes,No,No,No,2,3.8,Yellow,Good,134
18313839,Cakes At Bhawanas,1,Faridabad,"418, 1st Floor, Sector 15, Faridabad",Sector 15,"Sector 15, Faridabad",77.317231,28.393261,Bakery,400,Indian Rupees(Rs.),No,No,No,No,1,3.5,Yellow,Good,26
5005,Chaudhary Bhojnalaya,1,Faridabad,"HUDA Market, Sector 15, Faridabad",Sector 15,"Sector 15, Faridabad",77.3240517,28.3953389,North Indian,400,Indian Rupees(Rs.),No,No,No,No,1,3.6,Yellow,Good,93
1820,Chickenette,1,Faridabad,"11 & 12, Main Market, Sector 15, Faridabad",Sector 15,"Sector 15, Faridabad",77.3244107,28.3951035,"Raw Meats, North Indian, Chinese, Fast Food",650,Indian Rupees(Rs.),No,No,No,No,2,3.7,Yellow,Good,280
3863,Giani,1,Faridabad,"125, Near Gurudwara, Sector 15, Faridabad",Sector 15,"Sector 15, Faridabad",77.3216428,28.3951385,"Ice Cream, Desserts",400,Indian Rupees(Rs.),No,No,No,No,1,3.6,Yellow,Good,70
9814,Green Chick Chop,1,Faridabad,"135, Main Market, Sector 15, Faridabad",Sector 15,"Sector 15, Faridabad",77.3244107,28.3951932,"Raw Meats, North Indian, Fast Food",350,Indian Rupees(Rs.),No,No,No,No,1,3.5,Yellow,Good,31
18474912,Hash Stix,1,Faridabad,"Shop 160, Sector 15, Faridabad",Sector 15,"Sector 15, Faridabad",77.32343964,28.39483205,Fast Food,250,Indian Rupees(Rs.),No,No,No,No,1,3.6,Yellow,Good,25
18161568,Juice On Go,1,Faridabad,"SCF 46-50, 1st Floor, Fitstop Gym, Main Market, Sector 15, Faridabad",Sector 15,"Sector 15, Faridabad",77.32328642,28.39527358,"Juices, Beverages",150,Indian Rupees(Rs.),No,No,No,No,1,3.5,Yellow,Good,18
18416829,Keventers,1,Faridabad,"Booth 125-P, Ground Floor, Huda Market, Sector 15, Faridabad",Sector 15,"Sector 15, Faridabad",77.3218081,28.3947688,Beverages,400,Indian Rupees(Rs.),No,No,No,No,1,3.6,Yellow,Good,27
18400756,MD's Kebabs & Curries,1,Faridabad,"Shop 18, Opposite Mother Dairy, Sector 15 Market, Sector 15, Faridabad",Sector 15,"Sector 15, Faridabad",77.3244107,28.395283,"North Indian, Mughlai, Chinese",750,Indian Rupees(Rs.),No,Yes,No,No,2,3.8,Yellow,Good,27
301177,Perfect Bake,1,Faridabad,"DSS-48, Huda Market, Sector 15, Faridabad",Sector 15,"Sector 15, Faridabad",77.29659833,28.43002333,"Bakery, Fast Food",400,Indian Rupees(Rs.),No,No,No,No,1,3.5,Yellow,Good,39
6161,Perfect Bake,1,Faridabad,"SCF 40, Main Market, Sector 15, Faridabad",Sector 15,"Sector 15, Faridabad",77.3231543,28.3952545,"Bakery, Fast Food",400,Indian Rupees(Rs.),No,No,No,No,1,3.6,Yellow,Good,126
2565,Sethi's Delicacy,1,Faridabad,"9 & 10, Main Market, Sector 15, Faridabad",Sector 15,"Sector 15, Faridabad",77.3244651,28.3950376,"Fast Food, Bakery",150,Indian Rupees(Rs.),No,No,No,No,1,3.8,Yellow,Good,75
16611114,Whitebull Hotel,14,Armidale,"117 Marsh St, Armidale, NSW",Armidale,"Armidale, Armidale",151.6688792,-30.5147169,"Bar Food, Steak",20,Dollar($),No,No,No,No,2,3.5,Yellow,Good,25
6600681,Chez Michou,30,Brasí_lia,"SCLN, 208, Bloco A, Loja 30, Asa Norte, Brasí_lia",Asa Norte,"Asa Norte, Brasí_lia",-47.88178889,-15.76414167,"Fast Food, French",55,Brazilian Real(R$),No,No,No,No,2,3,Orange,Average,6
6601005,Cafí© Daniel Briand,30,Brasí_lia,"SCLN 104, Bloco A, Loja 26, Asa Norte, Brasí_lia",Asa Norte,"Asa Norte, Brasí_lia",-47.88266667,-15.7775,Cafe,30,Brazilian Real(R$),No,No,No,No,1,3.8,Yellow,Good,9
16659169,Tokyo Sushi,37,Chatham-Kent,"150 Richmond St, Chatham-Kent, ON N7M2V2",Chatham-Kent,"Chatham-Kent, Chatham-Kent",-82.188438,42.397683,"Japanese, Sushi",25,Dollar($),No,No,No,No,2,3.7,Yellow,Good,176
18400530,Noah's Barn Coffeenery,94,Bandung,"Jl. Dayang Sumbi No. 2, Dago, Bandung",Dago,"Dago, Bandung",107.6127895,-6.887057501,"Cafe, Coffee and Tea, Western",150000,Indonesian Rupiah(IDR),No,No,No,No,3,4.2,Green,Very Good,22
18251260,Kiss Kiss,148,Auckland,"1 Rocklands Avenue, Balmoral, Auckland",Balmoral,"Balmoral, Auckland",174.74808,-36.888662,Thai,40,NewZealand($),No,No,No,No,2,4.3,Green,Very Good,133
6317637,Le Petit Souffle,162,Makati City,"Third Floor, Century City Mall, Kalayaan Avenue, Poblacion, Makati City","Century City Mall, Poblacion, Makati City","Century City Mall, Poblacion, Makati City, Makati City",121.027535,14.565443,"French, Japanese, Desserts",1100,Botswana Pula(P),Yes,No,No,No,3,4.8,Dark Green,Excellent,314
18426586,7st by Mumbai Spices,166,Doha,"Barwa Commercial Avenue, Near Thursday & Friday Market Building, Near F Ring Road, Main Industrial Area Road, Ain Khalid, Doha",Ain Khalid,"Ain Khalid, Doha",51.506825,25.224394,"Indian, Street Food",150,Qatari Rial(QR),No,No,No,No,4,3.4,Orange,Average,74
18483372,Sky On 57,184,Singapore,"10 Bayfront Avenue, 57 Marina Bay Sands 018956","Bayfront Avenue, Downtown Core","Bayfront Avenue, Downtown Core, Singapore",103.8600048,1.2826608,"Chinese, Continental, Singaporean",300,Dollar($),No,No,No,No,4,3.4,Orange,Average,34
18395463,The Butcher's Wife,189,Cape Town,"15 Belgravia Road, Athlone, Cape Town",Athlone,"Athlone, Cape Town",18.51440571,-33.96466043,"Pizza, Grill",294,Rand(R),No,No,No,No,3,3.7,Yellow,Good,22
18337845,Coco Safar,189,Cape Town,"Ground Floor, Cavendish Square, Claremont, Cape Town","Cavendish Square, Claremont","Cavendish Square, Claremont, Cape Town",18.46489381,-33.97975702,"Cafe, Patisserie",300,Rand(R),No,No,No,No,4,4.1,Green,Very Good,88
5800557,Chinese Dragon Cafe,191,Colombo,"11, Milagiriya Avenue, Bambalapitiya, Colombo 04","Bambalapitiya, Colombo 04","Bambalapitiya, Colombo 04, Colombo",79.85667843,6.88634086,Chinese,2000,Sri Lankan Rupee(LKR),No,No,No,No,3,3.4,Orange,Average,118
6001980,Timboo Cafe,208,Ankara,"Armada AVM, Kat -1, Eskiôehir Yolu, No 6, Yenimahalle, Ankara","Armada AVM, Sí_Ûôí_tí_zí_, Yenimahalle","Armada AVM, Sí_Ûôí_tí_zí_, Yenimahalle, Ankara",32.80924722,39.91320556,Cafe,70,Turkish Lira(TL),No,No,No,No,3,4.2,Green,Very Good,134
18212135,Denny's,214,Abu Dhabi,"Abu Dhabi Mall, Tourist Club Area (Al Zahiyah), Abu Dhabi","Abu Dhabi Mall, Tourist Club Area  (Al Zahiyah)","Abu Dhabi Mall, Tourist Club Area  (Al Zahiyah), Abu Dhabi",54.38279729,24.49550307,American,190,Emirati Diram(AED),No,No,No,No,4,4.6,Dark Green,Excellent,207
5704255,Famous Dave's Barbecue,214,Abu Dhabi,"Near The One, Level 3, Abu Dhabi Mall, Tourist Club Area (Al Zahiyah), Abu Dhabi","Abu Dhabi Mall, Tourist Club Area  (Al Zahiyah)","Abu Dhabi Mall, Tourist Club Area  (Al Zahiyah), Abu Dhabi",54.38294616,24.49569253,American,260,Emirati Diram(AED),No,Yes,No,No,4,4.6,Dark Green,Excellent,376
6900714,Pepe's Piri Piri,215,Birmingham,"254-256 Alum Rock Road, Alum Rock, Birmingham B8 3DD",Alum Rock,"Alum Rock, Birmingham",-1.846811,52.488557,Fast Food,10,Pounds(£),No,No,No,No,1,2.8,Orange,Average,26
6900883,Ju Ju's Cafe,215,Birmingham,"1 Canal Square, Brindleyplace, Birmingham B16 8EH",Brindleyplace,"Brindleyplace, Birmingham",-1.918049,52.477569,"Cafe, British",15,Pounds(£),No,No,No,No,1,3.7,Yellow,Good,13
6900374,Bank,215,Birmingham,"4 Brindleyplace, Brindleyplace, Birmingham B1 2JB","Brindleyplace, Broad Street","Brindleyplace, Broad Street, Birmingham",-1.914805,52.477693,"British, Steak",60,Pounds(£),Yes,No,No,No,3,4,Green,Very Good,133
17284404,Austin's BBQ and Oyster Bar,216,Albany,"2820 Meredyth Dr, Albany, GA 31707",Albany,"Albany, Albany",-84.221535,31.610387,"BBQ, Burger, Seafood",25,Dollar($),No,No,No,No,2,3.3,Orange,Average,35
17284203,BJ's Country Buffet,216,Albany,"2401 Dawson Rd, Albany, GA 31707",Albany,"Albany, Albany",-84.207095,31.608743,"American, BBQ",10,Dollar($),No,No,No,No,1,3.3,Orange,Average,25
17284105,Cookie Shoppe,216,Albany,"115 N Jackson St, Albany, GA 31701",Albany,"Albany, Albany",-84.154,31.5772,,0,Dollar($),No,No,No,No,1,3.4,Orange,Average,34
17284302,El Vaquero Mexican Restaurant,216,Albany,"2700 Dawson Rd, Albany, GA 31707",Albany,"Albany, Albany",-84.2194,31.6158,Mexican,0,Dollar($),No,No,No,No,1,3.4,Orange,Average,45
17284397,Elements Coffee Co - Northwest,216,Albany,"2726 Ledo Rd Ste 10, Albany, GA 31707",Albany,"Albany, Albany",-84.206944,31.622412,"Coffee and Tea, Sandwich",10,Dollar($),No,No,No,No,1,3.4,Orange,Average,26
17284211,Pearly's Famous Country Cookng,216,Albany,"814 N Slappey Blvd, Albany, GA 31701",Albany,"Albany, Albany",-84.1759,31.5882,,0,Dollar($),No,No,No,No,1,3.4,Orange,Average,36
17284094,Chick-fil-A,216,Albany,"2703 Dawson Rd, Albany, GA 31707",Albany,"Albany, Albany",-84.2193,31.616,Fast Food,10,Dollar($),No,No,No,No,1,3.5,Yellow,Good,67
17284409,Guang Zhou Chinese Restaurant,216,Albany,"1214 N Westover Blvd, Albany, GA 31707",Albany,"Albany, Albany",-84.2091458,31.6155186,"Asian, Chinese, Vegetarian",10,Dollar($),No,No,No,No,1,3.9,Yellow,Good,141
17284139,Harvest Moon,216,Albany,"2347 Dawson Road, Albany, GA 31707",Albany,"Albany, Albany",-84.205718,31.604905,"Pizza, Bar Food, Sandwich",25,Dollar($),No,No,No,No,2,3.7,Yellow,Good,147
17284403,Henry Campbell's Steakhouse,216,Albany,"629 N. Westover Blvd, Albany, GA 31707",Albany,"Albany, Albany",-84.223278,31.612121,"Steak, Tapas, Bar Food",70,Dollar($),No,No,No,No,4,3.5,Yellow,Good,51
17284145,Hong Kong Cafe,216,Albany,"2700 Dawson Rd, Albany, GA 31707",Albany,"Albany, Albany",-84.2191,31.6156,"Chinese, Seafood, Vegetarian",25,Dollar($),No,No,No,No,2,3.6,Yellow,Good,88
17284150,House of China Restaurant II,216,Albany,"2526 Dawson Rd Ste A, Albany, GA 31707",Albany,"Albany, Albany",-84.212,31.6104,Chinese,10,Dollar($),No,No,No,No,1,3.8,Yellow,Good,153
17284158,Jimmie's Hot Dogs,216,Albany,"204 S Jackson St, Albany, GA 31701",Albany,"Albany, Albany",-84.1534,31.5751,,10,Dollar($),No,No,No,No,1,3.9,Yellow,Good,160
17284175,Locos Grill & Pub,216,Albany,"547 N Westover Blvd, Albany, GA 31707",Albany,"Albany, Albany",-84.2228,31.6077,"American, Burger, Sandwich",25,Dollar($),No,No,No,No,2,3.5,Yellow,Good,57
17284179,Longhorn Steakhouse,216,Albany,"2733 Dawson Rd, Albany, GA 31707",Albany,"Albany, Albany",-84.2229,31.6185,"American, Steak",25,Dollar($),No,No,No,No,2,3.5,Yellow,Good,58
17284197,Mikata Japanese Steakhouse,216,Albany,"2610 Dawson Rd, Albany, GA 31707",Albany,"Albany, Albany",-84.2164,31.6137,"Japanese, Steak, Sushi",40,Dollar($),No,No,No,No,3,3.6,Yellow,Good,115
